﻿<?xml version="1.0" encoding="UTF-8" ?>
<LIMS xmlns:xsi="http://www.w3.org/2001/XMLSchema-instance" xsi:noNamespaceSchemaLocation='labware-lims.xsd'>

    <PRODUCT>
        <NAME></NAME>
        <VERSION></VERSION>
        <CODE></CODE>
        <DESCRIPTION></DESCRIPTION>
        <COST_FACTOR></COST_FACTOR>
        <CHANGED_ON></CHANGED_ON>
        <CHANGED_BY></CHANGED_BY>
        <REMOVED></REMOVED>
        <GROUP_NAME></GROUP_NAME>
        <EXT_LINK></EXT_LINK>
        <TEST_LIST></TEST_LIST>
        <FULL_TEST_FREQ></FULL_TEST_FREQ>
        <LOTS_TO_GO></LOTS_TO_GO>
        <REPORT_FORMAT></REPORT_FORMAT>
        <ACTIVE></ACTIVE>
        <SAMPLE_PLAN></SAMPLE_PLAN>
        <EFFECTIVE_DATE></EFFECTIVE_DATE>
        <APPROVED></APPROVED>
        <APPROVAL_GROUP></APPROVAL_GROUP>
        <READY_FOR_APPROVAL></READY_FOR_APPROVAL>
        <APPROVAL_ID></APPROVAL_ID>
        <TEMPLATE></TEMPLATE>
        <GRADE_TEMPLATE></GRADE_TEMPLATE>
        <STAGE_TEMPLATE></STAGE_TEMPLATE>
        <NUMERIC_SPEC_TEMP></NUMERIC_SPEC_TEMP>
        <TEXT_SPEC_TEMP></TEXT_SPEC_TEMP>
        <FORMULA_SPEC_TEMP></FORMULA_SPEC_TEMP>
        <SPC_SPEC_TEMP></SPC_SPEC_TEMP>
        <REPORTED_SPEC_TEMP></REPORTED_SPEC_TEMP>
        <SIGNED></SIGNED>
        <T_PH_CU_DOSAGE></T_PH_CU_DOSAGE>
        <T_PH_DRUG_RELEASE_TYPE></T_PH_DRUG_RELEASE_TYPE>
        <T_PH_AUTO_OOX_INVEST></T_PH_AUTO_OOX_INVEST>
        <EXTERNAL_ID></EXTERNAL_ID>
        <FR_DESCRIPTION></FR_DESCRIPTION>
        <CS_DESCRIPTION></CS_DESCRIPTION>
        <DE_DESCRIPTION></DE_DESCRIPTION>
        <ES_DESCRIPTION></ES_DESCRIPTION>
        <IT_DESCRIPTION></IT_DESCRIPTION>
        <JA_DESCRIPTION></JA_DESCRIPTION>
        <PT_DESCRIPTION></PT_DESCRIPTION>
        <RU_DESCRIPTION></RU_DESCRIPTION>
        <TR_DESCRIPTION></TR_DESCRIPTION>
        <ZH_DESCRIPTION></ZH_DESCRIPTION>
        <NL_DESCRIPTION></NL_DESCRIPTION>
        <C_AUTO_OOX_RESMP></C_AUTO_OOX_RESMP>
        <C_AUTO_OOX_RESMP_TYPE></C_AUTO_OOX_RESMP_TYPE>
        <C_AUTO_ELN_CREATE></C_AUTO_ELN_CREATE>
        <C_METH_EXEC_VARIANT></C_METH_EXEC_VARIANT>
        <C_DEFAULT_STORAGE_TIME></C_DEFAULT_STORAGE_TIME>
        <C_DEFAULT_STORAGE_TOLERANCE></C_DEFAULT_STORAGE_TOLERANCE>
        <C_DEFAULT_STORAGE_CONDITION></C_DEFAULT_STORAGE_CONDITION>
    </PRODUCT>

    <PRODUCT_GRADE>
        <PRODUCT></PRODUCT>
        <VERSION></VERSION>
        <SAMPLING_POINT></SAMPLING_POINT>
        <GRADE></GRADE>
        <ORDER_NUMBER></ORDER_NUMBER>
        <DESCRIPTION></DESCRIPTION>
        <CONTINUE_CHECKING></CONTINUE_CHECKING>
        <EXT_LINK></EXT_LINK>
        <TEST_LIST></TEST_LIST>
        <ALWAYS_CHECK></ALWAYS_CHECK>
        <FULL_TEST_FREQ></FULL_TEST_FREQ>
        <LOTS_TO_GO></LOTS_TO_GO>
        <REPORT_FORMAT></REPORT_FORMAT>
    </PRODUCT_GRADE>

    <PROD_GRADE_STAGE>
        <PRODUCT></PRODUCT>
        <VERSION></VERSION>
        <SAMPLING_POINT></SAMPLING_POINT>
        <GRADE></GRADE>
        <STAGE></STAGE>
        <ANALYSIS></ANALYSIS>
        <ORDER_NUMBER></ORDER_NUMBER>
        <DESCRIPTION></DESCRIPTION>
        <SPEC_TYPE></SPEC_TYPE>
        <NUM_REPS></NUM_REPS>
        <PARTIAL></PARTIAL>
        <EXT_LINK></EXT_LINK>
        <REPORTED_NAME></REPORTED_NAME>
        <VARIATION></VARIATION>
        <REQUIRED></REQUIRED>
        <T_PH_RECERT></T_PH_RECERT>
        <T_PH_SAME_LOT></T_PH_SAME_LOT>
        <T_PH_STATUS1></T_PH_STATUS1>
        <T_PH_STATUS2></T_PH_STATUS2>
        <T_PH_STABILITY_GROUP></T_PH_STABILITY_GROUP>
        <REQD_VOLUME></REQD_VOLUME>
        <TEST_LOCATION></TEST_LOCATION>
        <AQL_CRITICAL></AQL_CRITICAL>
        <AQL_MAJOR></AQL_MAJOR>
        <AQL_MINOR></AQL_MINOR>
        <AQL></AQL>
        <AQL_SAMPLE_PLAN></AQL_SAMPLE_PLAN>
        <AQL_LEVEL></AQL_LEVEL>
        <AQL_TYPE></AQL_TYPE>
        <ALIQUOT_GROUP></ALIQUOT_GROUP>
        <AQL_UPPER></AQL_UPPER>
        <AQL_LOWER></AQL_LOWER>
        <ES_REPORTED_NAME></ES_REPORTED_NAME>
        <T_PH_PARENT_ANALYSIS></T_PH_PARENT_ANALYSIS>
        <T_NUM_STAGES></T_NUM_STAGES>
        <T_AUTO_ADD_STAGE></T_AUTO_ADD_STAGE>
        <T_NEXT_STAGE_ANALYSIS></T_NEXT_STAGE_ANALYSIS>
        <T_NEXT_STAGE_TEST_LIST></T_NEXT_STAGE_TEST_LIST>
        <T_DISS_TP_DISPLAY></T_DISS_TP_DISPLAY>
        <T_NEXT_STAGE_TEST_LIST_S3></T_NEXT_STAGE_TEST_LIST_S3>
        <C_INCLUDE_NON_AQL_AS_AQL></C_INCLUDE_NON_AQL_AS_AQL>
        <C_NON_AQL_ALGORITHM></C_NON_AQL_ALGORITHM>
        <C_NON_AQL_NUM_ITEMS></C_NON_AQL_NUM_ITEMS>
        <C_NON_AQL_NUM_ITEMS2></C_NON_AQL_NUM_ITEMS2>
        <C_NON_AQL_NUM_CONSTANT></C_NON_AQL_NUM_CONSTANT>
        <C_NON_AQL_PCT></C_NON_AQL_PCT>
        <ZH_REPORTED_NAME></ZH_REPORTED_NAME>
        <METHOD></METHOD>
        <C_TEST_SOURCE_LOT></C_TEST_SOURCE_LOT>
        <AQL_CLASS3></AQL_CLASS3>
        <C_AQL_COUNT></C_AQL_COUNT>
        <C_AQL_COUNT_NUM></C_AQL_COUNT_NUM>
    </PROD_GRADE_STAGE>

    <PRODUCT_SPEC>
        <ENTRY_CODE></ENTRY_CODE>
        <RULE_TYPE></RULE_TYPE>
        <PRODUCT></PRODUCT>
        <VERSION></VERSION>
        <SAMPLING_POINT></SAMPLING_POINT>
        <GRADE></GRADE>
        <STAGE></STAGE>
        <ANALYSIS></ANALYSIS>
        <COMPONENT></COMPONENT>
        <UNITS></UNITS>
        <ROUND></ROUND>
        <PLACES></PLACES>
        <ORDER_NUMBER></ORDER_NUMBER>
        <SPEC_RULE></SPEC_RULE>
        <MIN_VALUE></MIN_VALUE>
        <MAX_VALUE></MAX_VALUE>
        <TEXT_VALUE></TEXT_VALUE>
        <LSL></LSL>
        <USL></USL>
        <NOMINAL_VALUE></NOMINAL_VALUE>
        <SHOW_CHART></SHOW_CHART>
        <CHART_TYPE></CHART_TYPE>
        <SUBGROUP_SIZE></SUBGROUP_SIZE>
        <FORMULA></FORMULA>
        <PARTIAL></PARTIAL>
        <SPEC_TYPE></SPEC_TYPE>
        <REQUIRED></REQUIRED>
        <NUM_RESULT_REPS></NUM_RESULT_REPS>
        <CLASS></CLASS>
        <SPECIFIC_ANALYSIS></SPECIFIC_ANALYSIS>
        <HI_CONTROL_1></HI_CONTROL_1>
        <HI_CONTROL_2></HI_CONTROL_2>
        <LO_CONTROL_1></LO_CONTROL_1>
        <LO_CONTROL_2></LO_CONTROL_2>
        <REPORTED_NAME></REPORTED_NAME>
        <DESCRIPTION></DESCRIPTION>
        <NUM_HISTORY_PTS></NUM_HISTORY_PTS>
        <SEASON></SEASON>
        <FACTOR_VALUES></FACTOR_VALUES>
        <FACTOR_OPERATOR></FACTOR_OPERATOR>
        <T_PH_AQL_REPS></T_PH_AQL_REPS>
        <T_PH_AQL_TYPE></T_PH_AQL_TYPE>
        <T_PH_COA_ORDER></T_PH_COA_ORDER>
        <T_SHOW_ON_CERTIFICATE></T_SHOW_ON_CERTIFICATE>
        <T_PH_PROD_COMPOUND></T_PH_PROD_COMPOUND>
        <ES_REPORTED_NAME></ES_REPORTED_NAME>
        <FR_DESCRIPTION></FR_DESCRIPTION>
        <CS_DESCRIPTION></CS_DESCRIPTION>
        <DE_DESCRIPTION></DE_DESCRIPTION>
        <ES_DESCRIPTION></ES_DESCRIPTION>
        <IT_DESCRIPTION></IT_DESCRIPTION>
        <JA_DESCRIPTION></JA_DESCRIPTION>
        <PT_DESCRIPTION></PT_DESCRIPTION>
        <RU_DESCRIPTION></RU_DESCRIPTION>
        <TR_DESCRIPTION></TR_DESCRIPTION>
        <ZH_DESCRIPTION></ZH_DESCRIPTION>
        <NL_DESCRIPTION></NL_DESCRIPTION>
        <T_DISS_TIMEPOINT></T_DISS_TIMEPOINT>
        <ZH_REPORTED_NAME></ZH_REPORTED_NAME>
        <DE_REPORTED_NAME></DE_REPORTED_NAME>
    </PRODUCT_SPEC>

    <T_PH_PROD_COMP>
        <PRODUCT></PRODUCT>
        <VERSION></VERSION>
        <COMPOUND></COMPOUND>
        <ORDER_NUMBER></ORDER_NUMBER>
        <DESCRIPTION></DESCRIPTION>
        <COMPOUND_TYPE></COMPOUND_TYPE>
        <REPORTED_NAME></REPORTED_NAME>
        <ALIAS_NAME></ALIAS_NAME>
    </T_PH_PROD_COMP>

    <T_PH_PROD_COMP_ITEM>
        <PRODUCT></PRODUCT>
        <VERSION></VERSION>
        <COMPOUND></COMPOUND>
        <ENTRY_CODE></ENTRY_CODE>
        <TYPE></TYPE>
        <ITEM></ITEM>
        <VALUE></VALUE>
        <DESCRIPTION></DESCRIPTION>
        <ORDER_NUMBER></ORDER_NUMBER>
    </T_PH_PROD_COMP_ITEM>
        
</LIMS>