﻿T_PH_SAMPLE_PLAN,ENTRY_CODE,VERSION,DESCRIPTION,ORDER_NUMBER,SPEC_TYPE,STAGE,ALGORITHM,LOG_SAMPLE,CREATE_INVENTORY,RETAINED_SAMPLE,STABILITY,INITIAL_STATUS,NUM_SAMPLES,QUANTITY,UNITS,RECERT_QUANTITY,REDUCED_QUANTITY,NUM_CONT,NUMBER_CONT,PRINTER,LOGIN_LABEL,RECEIPT_LABEL,LABELS_PER_SAMPLE
SUC10024,2,1,,2,ANALYTICAL,NONE,SP_FIXED,T,F,F,F,U,1,8,G,2,3,,0,,LOT_SAMPLE,,1
VAL04533,1,1,,1,ID,NONE,SP_FIXED,T,F,F,F,U,1,28,TABLETS,1,4,,0,,LOT_SAMPLE,,1
VAL04533,2,1,,2,ANALYTICAL,NONE,SP_QUAN,T,F,F,F,U,1,45,TABLETS,1,4,,0,,LOT_SAMPLE,,1
VAL04533,3,1,,3,MICRO,NONE,SP_FIXED,T,F,F,F,U,1,15,TABLETS,1,4,,0,,LOT_SAMPLE,,1
VAL04533,4,1,,4,PACKAGING,NONE,SP_FIXED,T,F,F,F,U,1,120,TABLETS,1,4,,0,,LOT_SAMPLE,,1
ZAL04411,1,1,,1,ID,NONE,SP_FIXED,T,F,F,F,U,1,5,TABLETS,2,1,,0,,LOT_SAMPLE,,1
ZAL04411,2,1,,2,ANALYTICAL,NONE,SP_FIXED,T,F,F,F,U,1,45,TABLETS,2,1,,0,,LOT_SAMPLE,,1
ZAL04411,3,1,,3,MICRO,NONE,SP_FIXED,T,F,F,F,U,1,5,TABLETS,2,1,,0,,LOT_SAMPLE,,1
ZAL04411,4,1,,4,PACKAGING,NONE,SP_FIXED,T,F,F,F,U,1,120,TABLETS,2,1,,0,,LOT_SAMPLE,,1
ZAL04411,5,1,,5,RETAIN,NONE,SP_FIXED,T,T,T,F,U,1,500,TABLETS,2,1,,0,,LOT_SAMPLE,,3
_DEMO_GENT,ASSAY,1,Demo - assay samples,1,ANALYTICAL,NONE,SP_FIXED,T,F,F,F,I,5,0,,0,0,,0,,,,0
_DEMO_GENT,ASSAY_SUMMARY,1,Demo - Assay Summary,2,SUMMARY,NONE,SP_FIXED,T,F,F,F,I,1,0,,0,0,,0,,,,0
_ROSE_OQ_SP1,AQL01,1,,1,AQL01,NONE,SP_AQL,T,F,F,F,I,1,0,,0,0,SP_FIXED,1,,,,0
_ROSE_OQ_SP1,AQL02,1,,2,AQL02,NONE,SP_AQL,T,F,F,F,I,1,0,,0,0,SP_FIXED,1,,,,0
_ROSE_OQ_SP1,AQL03,1,,3,AQL03,NONE,SP_AQL,T,F,F,F,I,1,0,,0,0,SP_FIXED,1,,,,0
_ROSE_OQ_SP1,AQL04,1,,4,AQL04,NONE,SP_AQL,T,F,F,F,I,1,0,,0,0,SP_FIXED,1,,,,0
_ROSE_OQ_SP1,AQL05,1,,5,AQL05,NONE,SP_AQL,T,F,F,F,I,1,0,,0,0,SP_FIXED,1,,,,0
_ROSE_OQ_SP1,AQL06,1,,6,AQL06,NONE,SP_AQL,T,F,F,F,I,1,0,,0,0,SP_FIXED,1,,,,0
_ROSE_OQ_SP1,AQL07,1,,7,AQL07,NONE,SP_AQL,T,F,F,F,I,1,0,,0,0,SP_FIXED,1,,,,0
_ROSE_OQ_SP1,AQL08,1,,8,AQL08,NONE,SP_AQL,T,F,F,F,I,1,0,,0,0,SP_FIXED,1,,,,0
_ROSE_OQ_SP1,AQL09,1,,9,AQL09,NONE,SP_AQL,T,F,F,F,I,1,0,,0,0,SP_FIXED,1,,,,0
_ROSE_OQ_SP1,AQL10,1,,10,AQL10,NONE,SP_AQL,T,F,F,F,I,1,0,,0,0,SP_FIXED,1,,,,0
_ROSE_OQ_SP1,AQL11,1,,11,AQL11,NONE,SP_AQL,T,F,F,F,I,1,0,,0,0,SP_FIXED,1,,,,0
_ROSE_OQ_SP1,AQL12,1,,12,AQL12,NONE,SP_AQL,T,F,F,F,I,1,0,,0,0,SP_FIXED,1,,,,0
_ETHDE_1232208,SFGIP,1,,1,_ETHDE_SFG,_ETHDE_LANI_CME,SP_FIXED,T,F,F,F,U,1,,,0,0,,0,,,,0
PRACTICE_ASH,LIQUIDBLENDS,1,,1,TM-T150,LIQUID_BLEND,SP_FIXED,T,F,F,F,U,2,0,,0,0,,0,,,,1
_VICRYL,CIA_BATCH,1,,1,NONE,BDE_F,SP_FIXED,T,F,F,F,U,1,0,,0,0,,0,,,,0
_ETHDE_1232208,SFG,1,,2,_ETHDE_SFG,_ETHDE_LANI_CME,SP_QUAN,T,F,F,F,U,1,0,,0,0,,0,,,,0
PRACTICE_ASH,AMPOULE_SEAL,1,,2,TM-T060,LIQUID_BLEND,SP_FIXED,T,F,F,F,U,20,0,,0,0,,0,,,,0
_ETHDE_1232208,DOCU,1,,3,_ETHDE_SFG,_ETHDE_LANI_DOC,SP_FIXED,T,F,F,F,U,1,0,,0,0,,0,,,,0
_ETHDE_GENERIC,RTCP,1,,1,TESTING,RMQA,SP_FIXED,T,F,F,F,I,1,0,,0,0,,0,,,,0
_ETHDE_CIA,CIA,1,,1,CIA_RECEIPT,CIA,SP_FIXED,T,F,F,F,I,1,0,,0,0,,0,,,,0
_UT_LIQ_MATCH,SUMMARY,1,Summary Composite,2,SUMMARY,NONE,SP_FIXED,T,F,F,F,I,1,0,,0,0,,0,,,,0
_ETHDE_CIA,CIA_FG,1,,2,FG_PRODUCTION,CIA,SP_FIXED,T,F,F,F,U,1,0,,0,0,,0,,,,0
_ETHIND_FG,_FG_QA,1,Finished Goods QA,1,NONE,_ETHIN_FINISHED_GOODS_QA,SP_FIXED,T,F,F,F,U,1,0,,0,0,,0,,,,0
_UT_LIQ_MATCH,SUMMARY,2,Summary Composite,2,SUMMARY,NONE,SP_FIXED,T,F,F,F,I,1,0,,0,0,,0,,,,0
TESTFORSTAKEHOLDER,T150,1,,1,MECHANICAL_1,CONSTITUTED_CEMENT,SP_FIXED,T,F,F,F,U,1,0,,0,0,,0,,,,0
_UT_LIQ_MATCH,CHEM,2,Analytical Composite,1,CHEMISTRY,NONE,SP_FIXED,T,F,F,F,I,1,0,,0,0,,0,,,,0
_DEMO_RM,1,1,Identity Sample,1,ID,NONE,SP_ROOTN_P1,T,F,F,F,,0,0,,0,0,,0,DIS,,,0
_DEMO_RM,2,1,Chemical Composite,2,CHEMISTRY,NONE,SP_FIXED,T,F,F,F,,1,0,,0,0,,0,DIS,,,0
_DEMO_RM,3,1,Micro Composite,3,MICRO,NONE,SP_FIXED,T,F,F,F,,1,0,,0,0,,0,DIS,,,0
_DEMO_RM,4,1,Retain Sample,4,RETAIN,NONE,SP_FIXED,T,T,T,F,,1,150,MG,0,0,,0,DIS,,,0
_DEMO_RM,DOC_CHK,1,QA Document checks,5,QA,NONE,SP_FIXED,T,F,F,F,U,1,0,,0,0,,0,DIS,,,0
_DEMO_RM,6,1,Analytical Composites,6,ANALYTICAL,NONE,SP_FIXED,T,F,F,F,U,1,0,,0,0,,0,DIS,,,0
DPBL_DEPUY_CMW2,CHEM,1,Analytical Composite,1,CHEMISTRY,NONE,SP_FIXED,T,F,F,F,I,1,0,,0,0,,0,,,,0
DPBL_DEPUY_CMW2,SUMMARY,1,Summary Composite,2,SUMMARY,NONE,SP_FIXED,T,F,F,F,I,1,0,,0,0,,0,,,,0
DPBL_DEPUY_CMW2,BARIUM_ID,1,Barium ID Sample,3,CHEM1,POWDER,SP_FIXED,T,F,F,F,U,1,0,,0,0,,0,,,,0
DPBL_DEPUY_CMW2,BURNOFF,1,Burn Off Sample,4,CHEM2,STERILE_POWDER,SP_FIXED,T,F,F,F,U,1,0,,0,0,,0,,,,0
DPBL_DEPUY_CMW2,AMPOULE_SEAL_INTEG,1,Ampoule Seal Integrity,5,CHEM3,LIQUID,SP_FIXED,T,F,F,F,U,20,0,,0,0,,0,,,,0
DPBL_DEPUY_CMW2,BPO,1,BPO,6,CHEM4,STERILE_POWDER,SP_FIXED,T,F,F,F,U,1,0,,0,0,,0,,,,0
DPSU_POUCH,AQL01,1,,1,AQL01,NONE,SP_ALL,T,F,F,F,I,1,0,,0,0,,0,,,,0
DPSU_POUCH,AQL02,1,,2,AQL02,NONE,SP_AQL,T,F,F,F,I,1,0,,0,0,,0,,,,0
DPSU_POUCH,AQL03,1,,3,AQL03,NONE,SP_AQL,T,F,F,F,I,1,0,,0,0,,0,,,,0
DPSU_POUCH,AQL04,1,,4,AQL04,NONE,SP_AQL,T,F,F,F,I,1,0,,0,0,,0,,,,0
DPSU_POUCH,AQL05,1,,5,AQL05,NONE,SP_AQL,T,F,F,F,I,1,0,,0,0,,0,,,,0
DPSU_POUCH,AQL06,1,,6,AQL06,NONE,SP_AQL,T,F,F,F,I,1,0,,0,0,,0,,,,0
DPSU_POUCH,AQL07,1,,7,AQL07,NONE,SP_AQL,T,F,F,F,I,1,0,,0,0,,0,,,,0
DPSU_POUCH,AQL08,1,,8,AQL08,NONE,SP_AQL,T,F,F,F,I,1,0,,0,0,,0,,,,0
DPSU_POUCH,AQL09,1,,9,AQL09,NONE,SP_AQL,T,F,F,F,I,1,0,,0,0,,0,,,,0
DPSU_POUCH,AQL10,1,,10,AQL10,NONE,SP_AQL,T,F,F,F,I,1,0,,0,0,,0,,,,0
DPSU_POUCH,AQL11,1,,11,AQL11,NONE,SP_AQL,T,F,F,F,I,1,0,,0,0,,0,,,,0
DPSU_POUCH,AQL12,1,,12,AQL12,NONE,SP_AQL,T,F,F,F,I,1,0,,0,0,,0,,,,0
DPSU_POUCH,RETAIN,1,,13,RETAIN,RETAINED,SP_FIXED,F,T,F,F,U,1,1,SAMPLES,0,0,,0,,RETAINED,,0
DPSU_POROCOAT,Porocoat,1,Other Test,1,NONE,NONE,SP_FIXED,T,F,F,F,U,1,0,,0,0,,0,,,,0
DPSU_TORSION,1,1,,1,NONE,NONE,SP_QUAN,T,F,F,F,U,0,0,,0,0,,0,,,,0
DPSU_102306,AQL01,1,,1,AQL01,NONE,SP_AQL,T,T,F,F,I,1,0,,0,0,,0,,,,0
DPSU_102306,AQL02,1,,2,AQL02,NONE,SP_AQL,T,F,F,F,I,1,0,,0,0,,0,,,,0
DPSU_102306,AQL03,1,,3,AQL03,NONE,SP_AQL,T,F,F,F,I,1,0,,0,0,,0,,,,0
DPSU_102306,AQL04,1,,4,AQL04,NONE,SP_AQL,T,F,F,F,I,1,0,,0,0,,0,,,,0
DPSU_102306,AQL05,1,,5,AQL05,NONE,SP_AQL,T,F,F,F,I,1,0,,0,0,,0,,,,0
DPSU_102306,AQL06,1,,6,AQL06,NONE,SP_AQL,T,F,F,F,I,1,0,,0,0,,0,,,,0
DPSU_102306,AQL07,1,,7,AQL07,NONE,SP_AQL,T,F,F,F,I,1,0,,0,0,,0,,,,0
DPSU_102306,AQL08,1,,8,AQL08,NONE,SP_AQL,T,F,F,F,I,1,0,,0,0,,0,,,,0
DPSU_102102,AQL01,1,,1,AQL01,NONE,SP_AQL,T,F,F,F,I,1,0,,0,0,,0,,,,0
DPSU_102102,AQL02,1,,2,AQL02,NONE,SP_AQL,T,F,F,F,I,1,0,,0,0,,0,,,,0
_DEMO_DEPUY_AQL,AQL01,1,,1,AQL01,NONE,SP_AQL,T,F,F,F,I,1,0,,0,0,,0,,,,0
_DEMO_DEPUY_AQL,AQL02,1,,2,AQL02,NONE,SP_AQL,T,F,F,F,I,1,0,,0,0,,0,,,,0
_DEMO_DEPUY_AQL,AQL03,1,,3,AQL03,NONE,SP_AQL,T,F,F,F,I,1,0,,0,0,,0,,,,0
_DEMO_DEPUY_AQL,AQL04,1,,4,AQL04,NONE,SP_AQL,T,F,F,F,I,1,0,,0,0,,0,,,,0
_DEMO_DEPUY_AQL,AQL05,1,,5,AQL05,NONE,SP_AQL,T,F,F,F,I,1,0,,0,0,,0,,,,0
_DEMO_DEPUY_AQL,AQL06,1,,6,AQL06,NONE,SP_AQL,T,F,F,F,I,1,0,,0,0,,0,,,,0
_DEMO_DEPUY_AQL,AQL07,1,,7,AQL07,NONE,SP_AQL,T,F,F,F,I,1,0,,0,0,,0,,,,0
_DEMO_DEPUY_AQL,AQL08,1,,8,AQL08,NONE,SP_AQL,T,F,F,F,I,1,0,,0,0,,0,,,,0
_DEMO_DEPUY_AQL,AQL09,1,,9,AQL09,NONE,SP_AQL,T,F,F,F,I,1,0,,0,0,,0,,,,0
_DEMO_DEPUY_AQL,AQL10,1,,10,AQL10,NONE,SP_AQL,T,F,F,F,I,1,0,,0,0,,0,,,,0
_DEMO_DEPUY_AQL,AQL11,1,,11,AQL11,NONE,SP_AQL,T,F,F,F,I,1,0,,0,0,,0,,,,0
_DEMO_DEPUY_AQL,AQL12,1,,12,AQL12,NONE,SP_AQL,T,F,F,F,I,1,0,,0,0,,0,,,,0
DPYGBBL_DEMO,POWDER,1,Powder,2,NONE,POWDER,SP_FIXED,T,F,F,F,U,1,0,,0,0,,0,DIS,SAMPLE,,1
DPYGBBL_DEMO,MIXED,1,Mixed,3,NONE,MIXED,SP_FIXED,T,F,F,F,U,1,0,,0,0,,0,DIS,SAMPLE,,1
DPYGBBL_DEMO,LIQUIDAQL,1,LIQUIDAQL,4,PHYSICAL,LIQUID,SP_AQL,T,F,F,F,U,1,1,,0,0,,0,,,,1
DPYGBBL_DEMO,13SAMPLES,1,,5,CHEMISTRY,NONE,SP_FIXED,T,F,F,F,U,1,13,,0,0,,0,,,,1
DPYGBBL_DEMO,FDSDEF,1,,6,NONE,LIQUID,SP_FIXED,F,F,F,F,U,1,0,,0,0,,0,,,,0
DPYGBBL_DEMO,LIQUID,1,Liquid,1,NONE,LIQUID,SP_FIXED,T,F,F,F,U,1,0,,0,0,,0,DIS,SAMPLE,,1
_UT_LIQ_MATCH,CHEM,1,Analytical Composite,1,CHEMISTRY,NONE,SP_FIXED,T,F,F,F,I,7,0,,0,0,,0,,,,0
_ROSE_OQ_RESAMPLE,1,1,testing resampling,1,CHEMISTRY,NONE,SP_FIXED,T,F,F,F,I,3,0,,0,0,,0,,,,0
DPBL_DEPUY_CMW2,VISCOSITY,1,Viscosity Sample,7,CHEM1,LIQUID,SP_FIXED,T,F,F,F,U,1,0,,0,0,,0,,,,0
DPBL_DEPUY_CMW2,APPEARANCE_POWDER,1,Appearance of Powder,8,CHEM1,STERILE_POWDER,SP_FIXED,T,F,F,F,U,1,0,,0,0,,0,,,,0
DPBL_DEPUY_CMW2,APPEARANCE_LIQUID,1,Appearance of Liquid,9,CHEM1,STERILE_LIQUID,SP_FIXED,T,F,F,F,U,1,0,,0,0,,0,,,,0
DPSU_102102,AQL07,1,,3,AQL07,NONE,SP_AQL,T,F,F,F,I,1,0,,0,0,,0,,,,0
DPSU_102102,AQL11,1,,4,AQL11,NONE,SP_AQL,T,F,F,F,I,1,0,,0,0,,0,,,,0
DPSU_102102,AQL03,1,,5,AQL03,NONE,SP_AQL,T,F,F,F,I,1,0,,0,0,,0,,,,0
DPSU_102102,AQL04,1,,6,AQL04,NONE,SP_AQL,T,F,F,F,I,1,0,,0,0,,0,,,,0
DPSU_102102,AQL05,1,,7,AQL05,NONE,SP_AQL,T,F,F,F,I,1,0,,0,0,,0,,,,0
DPSU_102102,AQL06,1,,8,AQL06,NONE,SP_AQL,T,F,F,F,I,1,0,,0,0,,0,,,,0
DPSU_102102,AQL08,1,,9,AQL08,NONE,SP_AQL,T,F,F,F,I,1,0,,0,0,,0,,,,0
DPSU_102102,AQL09,1,,10,AQL09,NONE,SP_AQL,T,F,F,F,I,1,0,,0,0,,0,,,,0
DPSU_102102,AQL10,1,,11,AQL10,NONE,SP_AQL,T,F,F,F,I,1,0,,0,0,,0,,,,0
DPSU_4-POINT_BENDING,BENDINGSTRENGTH,1,Bending strength,1,PHYSICAL,DPSU_TICP_PLATE_426.,SP_FIXED,T,F,F,F,U,1,0,,0,0,,0,,,,0
DPSU_4-POINT_BENDING,EQUIVALENTBENDING,1, Equivalent Bending Stiffness,2,PHYSICAL,DPSU_TICP_PLATE_426.,SP_FIXED,T,F,F,F,U,1,0,,0,0,,0,,,,0
DPOB_RAW_MAT_01,ANALYSIS,1,Anlysis sample for external Analysis,1,ANALYTICAL,ANALYTICAL,SP_FIXED,T,F,F,F,I,1,0,,0,0,SP_FIXED,0,DPOB_LABELPRINTER_CALLAB,DPOB_SAMPLE,,1
DPOB_RAW_MAT_01,RETAIN,1,Retain Sample,2,RETAIN,RETAINED,SP_FIXED,T,F,F,F,I,1,0,,0,0,SP_FIXED,0,DPOB_LABELPRINTER_CALLAB,DPOB_SAMPLE,,1
DPOB_RAW_MAT_01,PROD_MATERIAL,1,Production Material,3,NONE,PRODUCTION_MAT,SP_ALL,T,F,F,F,I,1,0,,0,0,SP_ALL,0,DPOB_LABELPRINTER_CALLAB,DPOB_SAMPLE,,1
DPBL_DEPUY_CMW2,SIEVE_TEST,1,Sieve Test,10,CHEM3,STERILE_POWDER,SP_FIXED,T,F,F,F,U,48,0,,0,0,,0,,,,0
DPSU_EXAMPLE,AQL01,1,,1,AQL01,NONE,SP_AQL,T,F,F,F,U,1,0,,0,0,,0,,,,0
DPSU_EXAMPLE,AQL02,1,,2,AQL02,NONE,SP_AQL,T,F,F,F,I,1,0,,0,0,,0,,,,0
DPSU_EXAMPLE,AQL07,1,,3,AQL07,NONE,SP_AQL,T,F,F,F,I,1,0,,0,0,,0,,,,0
DPSU_EXAMPLE,AQL11,1,,4,AQL11,NONE,SP_AQL,T,F,F,F,I,1,0,,0,0,,0,,,,0
DPSU_EXAMPLE,AQL03,1,,5,AQL03,NONE,SP_AQL,T,F,F,F,I,1,0,,0,0,,0,,,,0
DPSU_EXAMPLE,AQL04,1,,6,AQL04,NONE,SP_AQL,T,F,F,F,I,1,0,,0,0,,0,,,,0
DPSU_EXAMPLE,AQL05,1,,7,AQL05,NONE,SP_AQL,T,F,F,F,I,1,0,,0,0,,0,,,,0
DPSU_EXAMPLE,AQL06,1,,8,AQL06,NONE,SP_AQL,T,F,F,F,I,1,0,,0,0,,0,,,,0
DPSU_EXAMPLE,AQL08,1,,9,AQL08,NONE,SP_AQL,T,F,F,F,I,1,0,,0,0,,0,,,,0
DPSU_EXAMPLE,AQL09,1,,10,AQL09,NONE,SP_AQL,T,F,F,F,I,1,0,,0,0,,0,,,,0
DPSU_EXAMPLE,AQL10,1,,11,AQL10,NONE,SP_AQL,T,F,F,F,I,1,0,,0,0,,0,,,,0
DPSU_EXAMPLE,PHYSICAL,1,,12,PHYSICAL,NONE,SP_QUAN,T,F,F,F,U,1,0,,0,0,,0,,,,0
DPSU_424.XXX_ZSQ01,DPSU_424.XXX_SZQ01,1,DPSU_424.XXX_SZQ01,1,PHYSICAL,NONE,SP_FIXED,T,F,F,F,U,3,0,,0,0,,0,,,,0
DPSU_426.XXX_ZSQ01,BENDINGSTRENGTH,1,Bending strength,1,PHYSICAL,NONE,SP_FIXED,T,F,F,F,U,1,0,,0,0,,0,,,,0
DPSU_426.XXX_ZSQ01,EQUIVALENTBENDING,1, Equivalent Bending Stiffness,2,PHYSICAL,NONE,SP_FIXED,T,F,F,F,U,1,0,,0,0,,0,,,,0
DPSU_TRY,AQL13,1,,1,AQL13,NONE,SP_QUAN,T,F,F,F,I,1,,,0,0,SP_QUAN,0,,,,0
DPSU_103500,AQL02,1,,2,AQL02,NONE,SP_AQL,T,F,F,F,I,1,0,,0,0,,0,,,,0
DPSU_103500,AQL11,1,,4,AQL11,NONE,SP_AQL,T,F,F,F,I,1,0,,0,0,,0,,,,0
DPOB_ETNPRO_IMPL_01,ANALYSIS,1,Analysis sample for external Analysis,1,ANALYTICAL,ANALYTICAL,SP_FIXED,T,F,F,F,I,1,0,,0,0,SP_FIXED,0,DPOB_LABELPRINTER_ANALAB,,,1
DPOB_ETNPRO_IMPL_01,RETAIN,1,Retain Sample,2,RETAIN,RETAINED,SP_FIXED,T,F,T,F,I,1,0,,0,0,SP_FIXED,0,DPOB_LABELPRINTER_ANALAB,,,1
DPSU_103678,AQL02,1,,1,AQL02,NONE,SP_AQL,T,F,F,F,I,1,0,,0,0,,0,,,,0
DPSU_103678,AQL03,1,,2,AQL03,NONE,SP_AQL,T,F,F,F,I,1,0,,0,0,,0,,,,0
DPSU_103678,AQL04,1,,3,AQL04,NONE,SP_AQL,T,F,F,F,I,1,0,,0,0,,0,,,,0
DPSU_103678,AQL05,1,,4,AQL05,NONE,SP_AQL,T,F,F,F,I,1,0,,0,0,,0,,,,0
DPSU_102306-1,AQL01,1,,1,AQL01,NONE,SP_AQL,T,F,F,F,I,1,0,,0,0,,0,,,,0
DPSU_102306-1,AQL02,1,,2,AQL02,NONE,SP_AQL,T,F,F,F,I,1,0,,0,0,,0,,,,0
DPSU_102306-1,AQL03,1,,3,AQL03,NONE,SP_AQL,T,F,F,F,I,1,0,,0,0,,0,,,,0
DPSU_103322204,AQL01,1,,1,AQL01,NONE,SP_AQL,T,F,F,F,I,1,0,,0,0,,0,,,,0
DPSU_103322204,AQL02,1,,2,AQL02,NONE,SP_AQL,T,F,F,F,I,1,0,,0,0,,0,,,,0
DPSU_103322204,AQL03,1,,3,AQL03,NONE,SP_AQL,T,F,F,F,I,1,0,,0,0,,0,,,,0
DPSU_103322204,AQL04,1,,4,AQL04,NONE,SP_AQL,T,F,F,F,I,1,0,,0,0,,0,,,,0
DPSU_103322204,AQL05,1,,5,AQL05,NONE,SP_AQL,T,F,F,F,I,1,0,,0,0,,0,,,,0
DPSU_103322204,AQL06,1,,6,AQL06,NONE,SP_AQL,T,F,F,F,I,1,0,,0,0,,0,,,,0
DPSU_103322204,AQL07,1,,7,AQL07,NONE,SP_AQL,T,F,F,F,I,1,0,,0,0,,0,,,,0
_DEMO_DEPUY_AQL,AQL13,1,,13,AQL13,NONE,SP_AQL,T,F,F,F,I,1,0,,0,0,,0,,,,0
_DEMO_DEPUY_AQL,AQL14,1,,14,AQL14,NONE,SP_AQL,T,F,F,F,I,1,0,,0,0,,0,,,,0
_DEMO_DEPUY_AQL,AQL15,1,,15,AQL15,NONE,SP_AQL,T,F,F,F,I,1,0,,0,0,,0,,,,0
_DEMO_DEPUY_AQL,AQL16,1,,16,AQL16,NONE,SP_AQL,T,F,F,F,I,1,0,,0,0,,0,,,,0
DPSU_103500,AQL07,1,,3,AQL07,NONE,SP_AQL,T,F,F,F,I,1,0,,0,0,,0,,,,0
_FINPROD1,ANALYTICAL,1,Analytical Composite,1,ANALYTICAL,NONE,SP_FIXED,T,F,F,F,U,1,0,,0,0,,1,LP2824PLUS_225X125,LOT_SAMPLE,LOT_SAMPLE,1
_FINPROD1,ID,1,ID,4,ID,NONE,SP_FIXED,T,F,F,F,U,1,0,,0,0,,0,LP2824PLUS_225X125,LOT_SAMPLE,LOT_SAMPLE,1
_FINPROD1,MICRO,1,Micro Composite,2,MICRO,NONE,SP_FIXED,T,F,F,F,U,1,0,,0,0,,1,LP2824PLUS_225X125,LOT_SAMPLE,LOT_SAMPLE,1
_FINPROD1,PACKAGING,1,Packaging,5,PACKAGING,NONE,SP_FIXED,T,F,F,F,U,1,0,,0,0,,0,LP2824PLUS_225X125,LOT_SAMPLE,LOT_SAMPLE,1
_FINPROD1,RETAIN,1,Retain Sample,3,RETAIN,NONE,SP_FIXED,T,T,T,F,U,1,0,,0,0,,0,LP2824PLUS_225X125,LOT_SAMPLE,LOT_SAMPLE,0
AQL_DEMO,2,1,Z1.4 and Z1.9,1,NONE,NONE,SP_AQL,T,F,F,F,I,1,0,,0,0,SP_FIXED,1,,,,0
FP,ANALYTICAL,1,Analytical,1,NONE,ANALYTICAL,SP_QUAN,T,F,F,F,U,1,0,,0,0,SP_FIXED,3,ANDY,LOT_SAMPLE,LOT_SAMPLE,2
FP,ID,1,ID,3,NONE,ID,SP_ROOTN_P1,T,F,F,F,I,1,0,,0,0,SP_ROOTN_P1,0,ANDY,LOT_SAMPLE,LOT_SAMPLE,1
FP,MICRO,1,Microbiology,2,NONE,MICRO,SP_FIXED,T,F,F,F,U,2,0,,0,0,SP_FIXED,3,ANDY,LOT_SAMPLE,LOT_SAMPLE,3
FP,RETAIN,1,Retain,4,,,SP_QUAN_CONT,F,T,T,F,,1,0,,0,0,SP_QUAN_CONT,0,ANDY,RETAINED,RETAINED,4
FP,RETAIN2,1,Retained (with sample),6,NONE,RETAINED,SP_FIXED,T,F,T,F,I,1,50,kg,30,20,SP_FIXED,2,ANDY,RETAINED,RETAINED,3
FP,STABILITY,1,Stability,5,,,SP_FIXED,F,F,F,T,,5,0,,0,0,SP_QUAN,0,ANDY,LOT_SAMPLE,LOT_SAMPLE,2
FP_ST_SP01,ANALYTICAL,1,Analytical,1,CHEMSITRY,NONE,SP_FIXED,T,F,F,F,U,3,0,,0,0,SP_FIXED,1,,,,0
FP_ST_SP01,MICRO,1,Microbiology,2,MICRO,NONE,SP_QUAN,T,F,F,F,U,1,0,,0,0,SP_QUAN,1,,,,0
FP_ST_SP01,RETAIN,1,Retain,3,RETAIN,NONE,SP_FIXED,F,F,F,F,,1,0,,0,0,,0,,,,0
FPSP001,ANALYTICAL,1,Analytical Composite,1,CHEMSITRY,NONE,SP_FIXED,T,F,F,F,U,3,0,,0,0,,1,DIS,LOT_SAMPLE,LOT_SAMPLE,1
FPSP001,ANALYTICAL,2,Analytical Composite,1,ANALYTICAL,NONE,SP_FIXED,T,F,F,F,U,1,0,,0,0,,1,,,,0
FPSP001,ANALYTICAL,3,Analytical Composite,1,ANALYTICAL,NONE,SP_FIXED,T,F,F,F,U,1,0,,0,0,,1,,,,0
FPSP001,ANALYTICAL,4,Analytical Composite,1,ANALYTICAL,NONE,SP_FIXED,T,F,F,F,U,1,0,,0,0,,1,,,,0
FPSP001,ANALYTICAL,5,Analytical Composite,1,ANALYTICAL,NONE,SP_FIXED,T,F,F,F,U,1,0,,0,0,,1,,,,0
FPSP001,ANALYTICAL,6,Analytical Composite,1,ANALYTICAL,NONE,SP_FIXED,T,F,F,F,U,1,0,,0,0,,1,,,,0
FPSP001,CHEM,2,Analytical Composite,2,CHEMSITRY,NONE,SP_FIXED,T,T,F,F,U,1,0,,0,0,,0,,,,0
FPSP001,CHEM,3,Analytical Composite,2,CHEMSITRY,NONE,SP_FIXED,T,T,F,F,U,1,0,,0,0,,0,,,,0
FPSP001,CHEM,4,Analytical Composite,2,CHEM,NONE,SP_FIXED,T,T,F,F,U,1,0,,0,0,,0,,,,0
FPSP001,CHEM,5,Analytical Composite,2,CHEM,NONE,SP_FIXED,T,T,F,F,U,1,0,,0,0,,0,,,,0
FPSP001,CHEM,6,Analytical Composite,2,CHEMISTRY,NONE,SP_FIXED,T,T,F,F,U,1,0,,0,0,,0,,,,0
FPSP001,MICRO,1,Micro Composite,2,MICRO,NONE,SP_FIXED,T,F,F,F,U,2,0,,0,0,,1,DIS,LOT_SAMPLE,LOT_SAMPLE,2
FPSP001,MICRO,2,Micro Composite,3,MICRO,NONE,SP_FIXED,T,F,F,F,U,2,0,,0,0,,1,,,,0
FPSP001,MICRO,3,Micro Composite,3,MICRO,NONE,SP_FIXED,T,F,F,F,U,2,0,,0,0,,1,,,,0
FPSP001,MICRO,4,Micro Composite,3,MICRO,NONE,SP_FIXED,T,F,F,F,U,2,0,,0,0,,1,,,,0
FPSP001,MICRO,5,Micro Composite,3,MICRO,NONE,SP_FIXED,T,F,F,F,U,2,0,,0,0,,1,,,,0
FPSP001,MICRO,6,Micro Composite,3,MICRO,NONE,SP_FIXED,T,F,F,F,U,2,0,,0,0,,1,,,,0
FPSP001,QA,2,QA Sample for document checks,5,QA,NONE,SP_FIXED,T,F,F,F,U,1,0,,0,0,,0,,,,0
FPSP001,QA,3,QA Sample for document checks,5,QA,NONE,SP_FIXED,T,F,F,F,U,1,0,,0,0,,0,,,,0
FPSP001,QA,4,QA Sample for document checks,5,QA,NONE,SP_FIXED,T,F,F,F,U,1,0,,0,0,,0,,,,0
FPSP001,QA,5,QA Sample for document checks,5,QA,NONE,SP_FIXED,T,F,F,F,U,1,0,,0,0,,0,,,,0
FPSP001,QA,6,QA Sample for document checks,5,QA,NONE,SP_FIXED,T,F,F,F,U,1,0,,0,0,,0,,,,0
FPSP001,RETAIN,1,Retain Sample,3,RETAIN,NONE,SP_FIXED,T,T,T,F,,1,0,,0,0,,0,DIS,LOT_SAMPLE,LOT_SAMPLE,3
FPSP001,RETAIN,2,Retain Sample,4,RETAIN,NONE,SP_FIXED,T,T,T,F,,1,0,,0,0,,0,,,,0
FPSP001,RETAIN,3,Retain Sample,4,RETAIN,NONE,SP_FIXED,T,T,T,F,,1,0,,0,0,,0,,,,0
FPSP001,RETAIN,4,Retain Sample,4,RETAIN,NONE,SP_FIXED,T,T,T,F,,1,0,,0,0,,0,,,,0
FPSP001,RETAIN,5,Retain Sample,4,RETAIN,NONE,SP_FIXED,T,T,T,F,,1,0,,0,0,,0,,,,0
FPSP001,RETAIN,6,Retain Sample,4,RETAIN,NONE,SP_FIXED,T,T,T,F,,1,0,,0,0,,0,,,,0
FPSP002,ANALYTICAL,1,Analytical Composite,1,CHEMSITRY,NONE,SP_FIXED,T,F,F,F,U,2,0,,0,0,,1,DIS,LOT_SAMPLE,LOT_SAMPLE,1
FPSP002,ANALYTICAL,2,Analytical Composite,1,CHEM,NONE,SP_FIXED,T,F,F,F,U,2,0,,0,0,,1,DIS,LOT_SAMPLE,LOT_SAMPLE,1
FPSP002,ANALYTICAL,3,Analytical Composite,1,CHEM,NONE,SP_FIXED,T,F,F,F,U,2,0,,0,0,,1,DIS,LOT_SAMPLE,LOT_SAMPLE,1
FPSP002,ANALYTICAL,4,Analytical Composite,1,CHEMISTRY,NONE,SP_FIXED,T,F,F,F,U,2,0,,0,0,,1,DIS,LOT_SAMPLE,LOT_SAMPLE,1
FPSP002,MICRO,1,Micro Composite,2,MICRO,NONE,SP_FIXED,T,F,F,F,U,3,0,,0,0,,1,DIS,LOT_SAMPLE,LOT_SAMPLE,2
FPSP002,MICRO,2,Micro Composite,2,MICRO,NONE,SP_FIXED,T,F,F,F,U,3,0,,0,0,,1,DIS,LOT_SAMPLE,LOT_SAMPLE,2
FPSP002,MICRO,3,Micro Composite,2,MICRO,NONE,SP_FIXED,T,F,F,F,U,3,0,,0,0,,1,DIS,LOT_SAMPLE,LOT_SAMPLE,2
FPSP002,MICRO,4,Micro Composite,2,MICRO,NONE,SP_FIXED,T,F,F,F,U,3,0,,0,0,,1,DIS,LOT_SAMPLE,LOT_SAMPLE,2
FPSP002,RETAIN,1,Retain Sample,3,RETAIN,NONE,SP_FIXED,T,F,T,F,,1,0,,0,0,,0,DIS,LOT_SAMPLE,LOT_SAMPLE,3
FPSP002,RETAIN,2,Retain Sample,3,RETAIN,NONE,SP_FIXED,T,F,T,F,,1,0,,0,0,,0,DIS,LOT_SAMPLE,LOT_SAMPLE,3
FPSP002,RETAIN,3,Retain Sample,3,RETAIN,NONE,SP_FIXED,T,F,T,F,,1,0,,0,0,,0,DIS,LOT_SAMPLE,LOT_SAMPLE,3
FPSP002,RETAIN,4,Retain Sample,3,RETAIN,NONE,SP_FIXED,T,F,T,F,,1,0,,0,0,,0,DIS,LOT_SAMPLE,LOT_SAMPLE,3
FPSP003,ANALYTICAL,1,Analytical Composite,1,ANALYTICAL,NONE,SP_FIXED,T,F,F,F,U,1,0,,0,0,,1,,,,0
FPSP003,ANALYTICAL,2,Analytical Composite,1,ANALYTICAL,NONE,SP_FIXED,T,F,F,F,U,1,0,,0,0,,1,,,,0
FPSP003,ANALYTICAL,3,Analytical Composite,1,ANALYTICAL,NONE,SP_FIXED,T,F,F,F,U,1,0,,0,0,,1,,,,0
FPSP003,CHEM,1,Analytical Composite,2,CHEM,NONE,SP_FIXED,T,T,F,F,U,3,0,,0,0,,0,,,,0
FPSP003,CHEM,2,Analytical Composite,2,CHEM,NONE,SP_FIXED,T,T,F,F,U,3,0,,0,0,,0,,,,0
FPSP003,CHEM,3,Analytical Composite,2,CHEMISTRY,NONE,SP_FIXED,T,T,F,F,U,3,0,,0,0,,0,,,,0
FPSP003,MICRO,1,Micro Composite,3,MICRO,NONE,SP_FIXED,T,F,F,F,U,2,0,,0,0,,1,,,,0
FPSP003,MICRO,2,Micro Composite,3,MICRO,NONE,SP_FIXED,T,F,F,F,U,2,0,,0,0,,1,,,,0
FPSP003,MICRO,3,Micro Composite,3,MICRO,NONE,SP_FIXED,T,F,F,F,U,2,0,,0,0,,1,,,,0
FPSP003,QA,1,QA Sample for document checks,5,QA,NONE,SP_FIXED,T,F,F,F,U,1,0,,0,0,,0,,,,0
FPSP003,QA,2,QA Sample for document checks,5,QA,NONE,SP_FIXED,T,F,F,F,U,1,0,,0,0,,0,,,,0
FPSP003,QA,3,QA Sample for document checks,5,QA,NONE,SP_FIXED,T,F,F,F,U,1,0,,0,0,,0,,,,0
FPSP003,RETAIN,1,Retain Sample,4,RETAIN,NONE,SP_FIXED,T,T,T,F,,1,0,,0,0,,0,,,,0
FPSP003,RETAIN,2,Retain Sample,4,RETAIN,NONE,SP_FIXED,T,T,T,F,,1,0,,0,0,,0,,,,0
FPSP003,RETAIN,3,Retain Sample,4,RETAIN,NONE,SP_FIXED,T,T,T,F,,1,0,,0,0,,0,,,,0
FPSP004,ANALYTICAL,1,Analytical Composite,1,ANALYTICAL,NONE,SP_FIXED,T,F,F,F,U,1,0,,0,0,,1,DIS,LOT_SAMPLE,LOT_SAMPLE,1
FPSP004,ANALYTICAL,2,Analytical Composite,1,ANALYTICAL,NONE,SP_FIXED,T,F,F,F,U,1,0,,0,0,,1,DIS,LOT_SAMPLE,LOT_SAMPLE,1
FPSP004,ANALYTICAL,3,Analytical Composite,1,ANALYTICAL,NONE,SP_FIXED,T,F,F,F,U,1,0,,0,0,,1,DIS,LOT_SAMPLE,LOT_SAMPLE,1
FPSP004,CHEM,1,Analytical Composite,2,CHEM,NONE,SP_FIXED,T,T,F,F,U,1,0,,0,0,,0,DIS,LOT_SAMPLE,LOT_SAMPLE,1
FPSP004,CHEM,2,Analytical Composite,2,CHEM,NONE,SP_FIXED,T,T,F,F,U,1,0,,0,0,,0,DIS,LOT_SAMPLE,LOT_SAMPLE,1
FPSP004,CHEM,3,Analytical Composite,2,CHEMISTRY,NONE,SP_FIXED,T,T,F,F,U,1,0,,0,0,,0,DIS,LOT_SAMPLE,LOT_SAMPLE,1
FPSP004,MICRO,1,Micro Composite,3,MICRO,NONE,SP_FIXED,T,F,F,F,U,2,0,,0,0,,1,DIS,LOT_SAMPLE,LOT_SAMPLE,2
FPSP004,MICRO,2,Micro Composite,3,MICRO,NONE,SP_FIXED,T,F,F,F,U,2,0,,0,0,,1,DIS,LOT_SAMPLE,LOT_SAMPLE,2
FPSP004,MICRO,3,Micro Composite,3,MICRO,NONE,SP_FIXED,T,F,F,F,U,2,0,,0,0,,1,DIS,LOT_SAMPLE,LOT_SAMPLE,2
FPSP004,QA,1,QA Sample for document checks,5,QA,NONE,SP_FIXED,T,F,F,F,U,1,0,,0,0,,0,DIS,,,0
FPSP004,QA,2,QA Sample for document checks,5,QA,NONE,SP_FIXED,T,F,F,F,U,1,0,,0,0,,0,DIS,,,0
FPSP004,QA,3,QA Sample for document checks,5,QA,NONE,SP_FIXED,T,F,F,F,U,1,0,,0,0,,0,DIS,,,0
FPSP004,RETAIN,1,Retain Sample,4,RETAIN,NONE,SP_FIXED,T,T,T,F,,1,0,,0,0,,0,DIS,LOT_SAMPLE,LOT_SAMPLE,3
FPSP004,RETAIN,2,Retain Sample,4,RETAIN,NONE,SP_FIXED,T,T,T,F,,1,0,,0,0,,0,DIS,LOT_SAMPLE,LOT_SAMPLE,3
FPSP004,RETAIN,3,Retain Sample,4,RETAIN,NONE,SP_FIXED,T,T,T,F,,1,0,,0,0,,0,DIS,LOT_SAMPLE,LOT_SAMPLE,3
LAC10023,1,1,,1,ID,NONE,SP_FIXED,T,F,F,F,U,1,7,G,2,3,,0,,LOT_SAMPLE,,1
LAC10023,2,1,,2,ANALYTICAL,NONE,SP_FIXED,T,F,F,F,U,1,4,G,2,3,,0,,LOT_SAMPLE,,1
PACKAGING,ABC,1,AQL Demo,1,ANALYTICAL,NONE,SP_AQL,T,F,F,F,I,1,0,,0,0,SP_FIXED,1,,,,0
PAL03241,1,1,,1,ID,NONE,SP_FIXED,T,F,F,F,U,1,28,TABLETS,1,4,,0,,LOT_SAMPLE,,1
PAL03241,2,1,,2,ANALYTICAL,NONE,SP_FIXED,T,F,F,F,U,1,45,TABLETS,1,4,,0,,LOT_SAMPLE,,1
RM,ANALYTICAL,1,Analytical,1,NONE,ANALYTICAL,SP_FIXED,T,F,F,F,I,1,10,g,5,8,SP_ALL,0,ZPL,SAMPLE,,0
RM,ID,1,ID,3,NONE,ID,SP_ALL,T,F,F,F,I,0,0,,0,0,SP_ALL,0,ZPL,,SAMPLE,0
RM,MICRO,1,Microbiology,2,NONE,MICRO,SP_FIXED,T,F,F,F,I,1,2,g,0,0,SP_ALL,0,ZPL,SAMPLE,,0
RM,RETAIN,1,Retained,4,,,SP_FIXED,F,T,F,F,,1,5,g,,,,0,,,,0
RM_EX,ANALYTICAL,1,Analytical,1,NONE,ANALYTICAL,SP_FIXED,T,F,F,F,U,1,10,g,5,8,SP_ALL,0,ZPL,SAMPLE,,0
RM_EX,ID,1,ID,3,NONE,ID,SP_ROOTN_P1,T,F,F,F,I,0,0,,0,0,SP_ALL,0,ZPL,,SAMPLE,0
RM_EX,MICRO,1,Microbiology,2,NONE,MICRO,SP_FIXED,T,F,F,F,U,1,2,g,0,0,SP_ALL,0,ZPL,SAMPLE,,0
RM_EX,RETAIN,1,Retained,4,,,SP_FIXED,F,T,F,F,,1,5,g,,,,0,,,,0
RMSP001,1,1,Identity Sample,1,ID,NONE,SP_ROOTN_P1,T,F,F,F,,0,0,,0,0,,0,,,,0
RMSP001,1,2,Identity Sample,1,ID,NONE,SP_ROOTN_P1,T,F,F,F,,0,0,,0,0,,0,LP2824PLUS,,,0
RMSP001,1,3,Identity Sample,1,ID,NONE,SP_ROOTN_P1,T,F,F,F,,0,0,,0,0,,0,LP2824PLUS,,,0
RMSP001,1,4,Identity Sample,1,ID,NONE,SP_ROOTN_P1,T,F,F,F,,0,0,,0,0,,0,DIS,,,0
RMSP001,1,5,Identity Sample,1,ID,NONE,SP_ROOTN_P1,T,F,F,F,,0,0,,0,0,,0,DIS,,,0
RMSP001,1,6,Identity Sample,1,ID,NONE,SP_ROOTN_P1,T,F,F,F,,0,0,,0,0,,0,DIS,,,0
RMSP001,2,1,Analytical Composite,2,CHEMSITRY,NONE,SP_FIXED,T,F,F,F,,1,0,,0,0,,0,,,,0
RMSP001,2,2,Chemical Composite,2,CHEMSITRY,NONE,SP_FIXED,T,F,F,F,,1,0,,0,0,,0,,,,0
RMSP001,2,3,Chemical Composite,2,CHEMSITRY,NONE,SP_FIXED,T,F,F,F,,1,0,,0,0,,0,,,,0
RMSP001,2,4,Chemical Composite,2,CHEM,NONE,SP_FIXED,T,F,F,F,,1,0,,0,0,,0,DIS,,,0
RMSP001,2,5,Chemical Composite,2,CHEM,NONE,SP_FIXED,T,F,F,F,,1,0,,0,0,,0,DIS,,,0
RMSP001,2,6,Chemical Composite,2,CHEMISTRY,NONE,SP_FIXED,T,F,F,F,,1,0,,0,0,,0,DIS,,,0
RMSP001,3,1,Micro Composite,3,MICRO,NONE,SP_FIXED,T,F,F,F,,1,0,,0,0,,0,,,,0
RMSP001,3,2,Micro Composite,3,MICRO,NONE,SP_FIXED,T,F,F,F,,1,0,,0,0,,0,LP2824PLUS,,,0
RMSP001,3,3,Micro Composite,3,MICRO,NONE,SP_FIXED,T,F,F,F,,1,0,,0,0,,0,LP2824PLUS,,,0
RMSP001,3,4,Micro Composite,3,MICRO,NONE,SP_FIXED,T,F,F,F,,1,0,,0,0,,0,DIS,,,0
RMSP001,3,5,Micro Composite,3,MICRO,NONE,SP_FIXED,T,F,F,F,,1,0,,0,0,,0,DIS,,,0
RMSP001,3,6,Micro Composite,3,MICRO,NONE,SP_FIXED,T,F,F,F,,1,0,,0,0,,0,DIS,,,0
RMSP001,4,1,Retain Sample,4,RETAIN,NONE,SP_FIXED,T,T,T,F,,1,0,,0,0,,0,,,,0
RMSP001,4,2,Retain Sample,4,RETAIN,NONE,SP_FIXED,T,T,T,F,,1,0,,0,0,,0,,,,0
RMSP001,4,3,Retain Sample,4,RETAIN,NONE,SP_FIXED,T,T,T,F,,1,0,,0,0,,0,,,,0
RMSP001,4,4,Retain Sample,4,RETAIN,NONE,SP_FIXED,T,T,T,F,,1,0,,0,0,,0,DIS,,,0
RMSP001,4,5,Retain Sample,4,RETAIN,NONE,SP_FIXED,T,T,T,F,,1,0,,0,0,,0,DIS,,,0
RMSP001,4,6,Retain Sample,4,RETAIN,NONE,SP_FIXED,T,T,T,F,,1,0,,0,0,,0,DIS,,,0
RMSP001,6,2,Analytical Composites,6,ANALYTICAL,NONE,SP_FIXED,T,F,F,F,U,1,0,,0,0,,0,,,,0
RMSP001,6,3,Analytical Composites,6,ANALYTICAL,NONE,SP_FIXED,T,F,F,F,U,1,0,,0,0,,0,,,,0
RMSP001,6,4,Analytical Composites,6,ANALYTICAL,NONE,SP_FIXED,T,F,F,F,U,1,0,,0,0,,0,DIS,,,0
RMSP001,6,5,Analytical Composites,6,ANALYTICAL,NONE,SP_FIXED,T,F,F,F,U,1,0,,0,0,,0,DIS,,,0
RMSP001,6,6,Analytical Composites,6,ANALYTICAL,NONE,SP_FIXED,T,F,F,F,U,1,0,,0,0,,0,DIS,,,0
RMSP001,DOC_CHK,2,QA Document checks,5,QA,NONE,SP_FIXED,T,F,F,F,U,1,0,,0,0,,0,,,,0
RMSP001,DOC_CHK,3,QA Document checks,5,QA,NONE,SP_FIXED,T,F,F,F,U,1,0,,0,0,,0,,,,0
RMSP001,DOC_CHK,4,QA Document checks,5,QA,NONE,SP_FIXED,T,F,F,F,U,1,0,,0,0,,0,DIS,,,0
RMSP001,DOC_CHK,5,QA Document checks,5,QA,NONE,SP_FIXED,T,F,F,F,U,1,0,,0,0,,0,DIS,,,0
RMSP001,DOC_CHK,6,QA Document checks,5,QA,NONE,SP_FIXED,T,F,F,F,U,1,0,,0,0,,0,DIS,,,0
RMSP002,1,1,Identity Sample,1,ID,NONE,SP_ALL,T,F,F,F,,0,0,,0,0,,0,,,,0
RMSP002,1,2,Identity Sample,1,ID,NONE,SP_ALL,T,F,F,F,,0,0,,0,0,,0,DIS,,,0
RMSP002,1,3,Identity Sample,1,ID,NONE,SP_ALL,T,F,F,F,,0,0,,0,0,,0,DIS,,,0
RMSP002,1,4,Identity Sample,1,ID,NONE,SP_ALL,T,F,F,F,,0,0,,0,0,,0,DIS,,,0
RMSP002,2,1,Analytical Composite,2,CHEMSITRY,NONE,SP_ROOTN_P1,T,F,F,F,,1,0,,0,0,,0,,,,0
RMSP002,2,2,Analytical Composite,2,CHEM,NONE,SP_ROOTN_P1,T,F,F,F,,1,0,,0,0,,0,DIS,,,0
RMSP002,2,3,Analytical Composite,2,CHEM,NONE,SP_ROOTN_P1,T,F,F,F,,1,0,,0,0,,0,DIS,,,0
RMSP002,2,4,Analytical Composite,2,CHEMISTRY,NONE,SP_ROOTN_P1,T,F,F,F,,1,0,,0,0,,0,DIS,,,0
RMSP002,3,1,Micro Composite,3,MICRO,NONE,SP_FIXED,T,F,F,F,,1,0,,0,0,,0,,,,0
RMSP002,3,2,Micro Composite,3,MICRO,NONE,SP_FIXED,T,F,F,F,,1,0,,0,0,,0,DIS,,,0
RMSP002,3,3,Micro Composite,3,MICRO,NONE,SP_FIXED,T,F,F,F,,1,0,,0,0,,0,DIS,,,0
RMSP002,3,4,Micro Composite,3,MICRO,NONE,SP_FIXED,T,F,F,F,,1,0,,0,0,,0,DIS,,,0
RMSP002,4,1,Retain Sample,4,RETAIN,NONE,SP_FIXED,T,F,T,F,,1,0,,0,0,,0,,,,0
RMSP002,4,2,Retain Sample,4,RETAIN,NONE,SP_FIXED,T,F,T,F,,1,0,,0,0,,0,DIS,,,0
RMSP002,4,3,Retain Sample,4,RETAIN,NONE,SP_FIXED,T,F,T,F,,1,0,,0,0,,0,DIS,,,0
RMSP002,4,4,Retain Sample,4,RETAIN,NONE,SP_FIXED,T,F,T,F,,1,0,,0,0,,0,DIS,,,0
RMSP003,1,1,Identity Sample,1,ID,NONE,SP_ROOTN_P1,T,F,F,F,,4,0,,0,0,,0,DIS,,,0
RMSP003,1,2,Identity Sample,1,ID,NONE,SP_ROOTN_P1,T,F,F,F,,4,0,,0,0,,0,DIS,,,0
RMSP003,1,3,Identity Sample,1,ID,NONE,SP_ROOTN_P1,T,F,F,F,,4,0,,0,0,,0,DIS,,,0
RMSP003,2,1,Chemical Composite,2,CHEM,NONE,SP_FIXED,T,F,F,F,,2,0,,0,0,,0,DIS,,,0
RMSP003,2,2,Chemical Composite,2,CHEM,NONE,SP_FIXED,T,F,F,F,,2,0,,0,0,,0,DIS,,,0
RMSP003,2,3,Chemical Composite,2,CHEMISTRY,NONE,SP_FIXED,T,F,F,F,,2,0,,0,0,,0,DIS,,,0
RMSP003,3,1,Micro Composite,3,MICRO,NONE,SP_FIXED,T,F,F,F,,1,0,,0,0,,0,DIS,,,0
RMSP003,3,2,Micro Composite,3,MICRO,NONE,SP_FIXED,T,F,F,F,,1,0,,0,0,,0,DIS,,,0
RMSP003,3,3,Micro Composite,3,MICRO,NONE,SP_FIXED,T,F,F,F,,1,0,,0,0,,0,DIS,,,0
RMSP003,4,1,Retain Sample,4,RETAIN,NONE,SP_FIXED,T,T,T,F,,1,0,,0,0,,0,DIS,,,0
RMSP003,4,2,Retain Sample,4,RETAIN,NONE,SP_FIXED,T,T,T,F,,1,0,,0,0,,0,DIS,,,0
RMSP003,4,3,Retain Sample,4,RETAIN,NONE,SP_FIXED,T,T,T,F,,1,0,,0,0,,0,DIS,,,0
RMSP003,6,1,Analytical Composites,6,ANALYTICAL,NONE,SP_FIXED,T,F,F,F,U,1,0,,0,0,,0,DIS,,,0
RMSP003,6,2,Analytical Composites,6,ANALYTICAL,NONE,SP_FIXED,T,F,F,F,U,1,0,,0,0,,0,DIS,,,0
RMSP003,6,3,Analytical Composites,6,ANALYTICAL,NONE,SP_FIXED,T,F,F,F,U,1,0,,0,0,,0,DIS,,,0
RMSP003,DOC_CHK,1,QA Document checks,5,QA,NONE,SP_FIXED,T,F,F,F,U,1,0,,0,0,,0,DIS,,,0
RMSP003,DOC_CHK,2,QA Document checks,5,QA,NONE,SP_FIXED,T,F,F,F,U,1,0,,0,0,,0,DIS,,,0
RMSP003,DOC_CHK,3,QA Document checks,5,QA,NONE,SP_FIXED,T,F,F,F,U,1,0,,0,0,,0,DIS,,,0
RMSP004,1,1,Identity Sample,1,ID,NONE,SP_QUAN,T,F,F,F,,0,0,,0,0,,0,DIS,,,0
RMSP004,1,2,Identity Sample,1,ID,NONE,SP_QUAN,T,F,F,F,,0,0,,0,0,,0,DIS,,,0
RMSP004,1,3,Identity Sample,1,ID,NONE,SP_QUAN,T,F,F,F,,0,0,,0,0,,0,DIS,,,0
RMSP004,1,4,Identity Sample,1,ID,NONE,SP_QUAN,T,F,F,F,,0,0,,0,0,,0,DIS,,,0
RMSP004,2,1,Chemical Composite,2,CHEM,NONE,SP_FIXED,T,F,F,F,,1,0,,0,0,,0,DIS,,,0
RMSP004,2,2,Chemical Composite,2,CHEM,NONE,SP_FIXED,T,F,F,F,,1,0,,0,0,,0,DIS,,,0
RMSP004,2,3,Chemical Composite,2,CHEM,NONE,SP_FIXED,T,F,F,F,,1,0,,0,0,,0,DIS,,,0
RMSP004,2,4,Chemical Composite,2,CHEMISTRY,NONE,SP_FIXED,T,F,F,F,,1,0,,0,0,,0,DIS,,,0
RMSP004,3,1,Micro Composite,3,MICRO,NONE,SP_FIXED,T,F,F,F,,1,0,,0,0,,0,DIS,,,0
RMSP004,3,2,Micro Composite,3,MICRO,NONE,SP_FIXED,T,F,F,F,,1,0,,0,0,,0,DIS,,,0
RMSP004,3,3,Micro Composite,3,MICRO,NONE,SP_FIXED,T,F,F,F,,1,0,,0,0,,0,DIS,,,0
RMSP004,3,4,Micro Composite,3,MICRO,NONE,SP_FIXED,T,F,F,F,,1,0,,0,0,,0,DIS,,,0
RMSP004,4,1,Retain Sample,4,RETAIN,NONE,SP_FIXED,T,T,T,F,,1,0,,0,0,,0,DIS,,,0
RMSP004,4,2,Retain Sample,4,RETAIN,NONE,SP_FIXED,T,T,T,F,,1,0,,0,0,,0,DIS,,,0
RMSP004,4,3,Retain Sample,4,RETAIN,NONE,SP_FIXED,T,T,T,F,,1,0,,0,0,,0,DIS,,,0
RMSP004,4,4,Retain Sample,4,RETAIN,NONE,SP_FIXED,T,T,T,F,,1,0,,0,0,,0,DIS,,,0
RMSP004,6,1,Analytical Composites,6,ANALYTICAL,NONE,SP_FIXED,T,F,F,F,U,1,0,,0,0,,0,DIS,,,0
RMSP004,6,2,Analytical Composites,6,ANALYTICAL,NONE,SP_FIXED,T,F,F,F,U,1,0,,0,0,,0,DIS,,,0
RMSP004,6,3,Analytical Composites,6,ANALYTICAL,NONE,SP_FIXED,T,F,F,F,U,1,0,,0,0,,0,DIS,,,0
RMSP004,6,4,Analytical Composites,6,ANALYTICAL,NONE,SP_FIXED,T,F,F,F,U,1,0,,0,0,,0,DIS,,,0
RMSP004,DOC_CHK,1,QA Document checks,5,QA,NONE,SP_FIXED,T,F,F,F,U,1,0,,0,0,,0,DIS,,,0
RMSP004,DOC_CHK,2,QA Document checks,5,QA,NONE,SP_FIXED,T,F,F,F,U,1,0,,0,0,,0,DIS,,,0
RMSP004,DOC_CHK,3,QA Document checks,5,QA,NONE,SP_FIXED,T,F,F,F,U,1,0,,0,0,,0,DIS,,,0
RMSP004,DOC_CHK,4,QA Document checks,5,QA,NONE,SP_FIXED,T,F,F,F,U,1,0,,0,0,,0,DIS,,,0
RMSP005,1,1,Identity Sample,1,ID,NONE,SP_ROOTN_P1,T,F,F,F,,5,0,,0,0,,0,DIS,,,0
RMSP005,1,2,Identity Sample,1,ID,NONE,SP_ROOTN_P1,T,F,F,F,,5,0,,0,0,,0,DIS,,,0
RMSP005,1,3,Identity Sample,1,ID,NONE,SP_ROOTN_P1,T,F,F,F,,5,0,,0,0,,0,DIS,,,0
RMSP005,2,1,Chemical Composite,2,CHEM,NONE,SP_FIXED,T,F,F,F,,2,0,,0,0,,0,DIS,,,0
RMSP005,2,2,Chemical Composite,2,CHEM,NONE,SP_FIXED,T,F,F,F,,2,0,,0,0,,0,DIS,,,0
RMSP005,2,3,Chemical Composite,2,CHEMISTRY,NONE,SP_FIXED,T,F,F,F,,2,0,,0,0,,0,DIS,,,0
RMSP005,3,1,Micro Composite,3,MICRO,NONE,SP_FIXED,T,F,F,F,,1,0,,0,0,,0,DIS,,,0
RMSP005,3,2,Micro Composite,3,MICRO,NONE,SP_FIXED,T,F,F,F,,1,0,,0,0,,0,DIS,,,0
RMSP005,3,3,Micro Composite,3,MICRO,NONE,SP_FIXED,T,F,F,F,,1,0,,0,0,,0,DIS,,,0
RMSP005,4,1,Retain Sample,4,RETAIN,NONE,SP_FIXED,T,T,T,F,,1,0,,0,0,,0,DIS,,,0
RMSP005,4,2,Retain Sample,4,RETAIN,NONE,SP_FIXED,T,T,T,F,,1,0,,0,0,,0,DIS,,,0
RMSP005,4,3,Retain Sample,4,RETAIN,NONE,SP_FIXED,T,T,T,F,,1,0,,0,0,,0,DIS,,,0
RMSP005,6,1,Analytical Composites,6,ANALYTICAL,NONE,SP_FIXED,T,F,F,F,U,1,0,,0,0,,0,DIS,,,0
RMSP005,6,2,Analytical Composites,6,ANALYTICAL,NONE,SP_FIXED,T,F,F,F,U,1,0,,0,0,,0,DIS,,,0
RMSP005,6,3,Analytical Composites,6,ANALYTICAL,NONE,SP_FIXED,T,F,F,F,U,1,0,,0,0,,0,DIS,,,0
RMSP005,DOC_CHK,1,QA Document checks,5,QA,NONE,SP_FIXED,T,F,F,F,U,1,0,,0,0,,0,DIS,,,0
RMSP005,DOC_CHK,2,QA Document checks,5,QA,NONE,SP_FIXED,T,F,F,F,U,1,0,,0,0,,0,DIS,,,0
RMSP005,DOC_CHK,3,QA Document checks,5,QA,NONE,SP_FIXED,T,F,F,F,U,1,0,,0,0,,0,DIS,,,0
RMSP006,1,1,Identity Sample,1,ID,NONE,SP_QUAN_CONT,T,F,F,F,,0,0,,0,0,,0,DIS,,,0
RMSP006,1,2,Identity Sample,1,ID,NONE,SP_QUAN_CONT,T,F,F,F,,0,0,,0,0,,0,DIS,,,0
RMSP006,1,3,Identity Sample,1,ID,NONE,SP_QUAN_CONT,T,F,F,F,,0,0,,0,0,,0,DIS,,,0
RMSP006,2,1,Chemical Composite,2,CHEM,NONE,SP_FIXED,T,F,F,F,,1,0,,0,0,,0,DIS,,,0
RMSP006,2,2,Chemical Composite,2,CHEM,NONE,SP_FIXED,T,F,F,F,,1,0,,0,0,,0,DIS,,,0
RMSP006,2,3,Chemical Composite,2,CHEMISTRY,NONE,SP_FIXED,T,F,F,F,,1,0,,0,0,,0,DIS,,,0
RMSP006,3,1,Micro Composite,3,MICRO,NONE,SP_FIXED,T,F,F,F,,1,0,,0,0,,0,DIS,,,0
RMSP006,3,2,Micro Composite,3,MICRO,NONE,SP_FIXED,T,F,F,F,,1,0,,0,0,,0,DIS,,,0
RMSP006,3,3,Micro Composite,3,MICRO,NONE,SP_FIXED,T,F,F,F,,1,0,,0,0,,0,DIS,,,0
RMSP006,4,1,Retain Sample,4,RETAIN,NONE,SP_FIXED,T,T,T,F,,1,0,,0,0,,0,DIS,,,0
RMSP006,4,2,Retain Sample,4,RETAIN,NONE,SP_FIXED,T,T,T,F,,1,0,,0,0,,0,DIS,,,0
RMSP006,4,3,Retain Sample,4,RETAIN,NONE,SP_FIXED,T,T,T,F,,1,0,,0,0,,0,DIS,,,0
RMSP006,6,1,Analytical Composites,6,ANALYTICAL,NONE,SP_FIXED,T,F,F,F,U,1,0,,0,0,,0,DIS,,,0
RMSP006,6,2,Analytical Composites,6,ANALYTICAL,NONE,SP_FIXED,T,F,F,F,U,1,0,,0,0,,0,DIS,,,0
RMSP006,6,3,Analytical Composites,6,ANALYTICAL,NONE,SP_FIXED,T,F,F,F,U,1,0,,0,0,,0,DIS,,,0
RMSP006,DOC_CHK,1,QA Document checks,5,QA,NONE,SP_FIXED,T,F,F,F,U,1,0,,0,0,,0,DIS,,,0
RMSP006,DOC_CHK,2,QA Document checks,5,QA,NONE,SP_FIXED,T,F,F,F,U,1,0,,0,0,,0,DIS,,,0
RMSP006,DOC_CHK,3,QA Document checks,5,QA,NONE,SP_FIXED,T,F,F,F,U,1,0,,0,0,,0,DIS,,,0
SUC10024,1,1,,1,ID,NONE,SP_FIXED,T,F,F,F,U,1,15,G,2,3,,0,,LOT_SAMPLE,,1
_ROSE_UAT_LIQ_MATCH,INDIV,4,,1,DPBL_INSPECTION_1,CONSTITUTED_CEMENT,SP_FIXED,T,F,F,F,U,1,0,,0,0,,0,,,,0
_ROSE_UAT_LIQ_MATCH,SUMM,4,,2,SUMMARY,CONSTITUTED_CEMENT,SP_FIXED,T,F,F,F,U,1,0,,0,0,,0,,,,0
_ROSE_UAT_LIQ_MATCH,POWD,4,,3,DPBL_CHEMISTRY_1,POWDER,SP_FIXED,T,F,F,F,U,1,0,,0,0,,0,,,,0
_ROSE_UAT_LIQ_MATCH,VISUAL,4,,4,DPBL_INSPECTION,PACKAGING,SP_FIXED,T,F,F,F,U,1,0,,0,0,,0,,,,0
DPSU_STERILITY,BI_DECON,1,BI Decontamination,1,DECONTAMINATION,BI,SP_FIXED,T,F,F,F,I,1,0,,0,0,,0,,,,0
DPSU_STERILITY,BI_TEMP_START,1,BI Temperature Incubation Start,2,INCUBATION_1_START,BI,SP_FIXED,T,F,F,F,I,1,0,,0,0,,0,,,,0
DPSU_STERILITY,BI_TEMP_READ,1,BI Temperature Incubation Read,3,INCUBATION_2_TEMP,BI,SP_FIXED,T,F,F,F,I,1,0,,0,0,,0,,,,0
DPSU_STERILITY,BI,1,BI,4,INCUBATION_3_READ,BI,SP_QUAN,T,F,F,F,I,0,0,,0,0,,0,,,,0
DPSU_STERILITY,GAMMA_DECON,1,Gamma Decontamination,7,DECONTAMINATION,GAMMA,SP_FIXED,T,F,F,F,I,1,0,,0,0,,0,,,,0
DPSU_STERILITY,GAMMA_TEMP_START,1,Gamma Temperature Incubation Start,8,INCUBATION_1_START,GAMMA,SP_FIXED,T,F,F,F,I,1,0,,0,0,,0,,,,0
DPSU_STERILITY,GAMMA_TEMP_READ,1,Gamma Temperature Incubation Read,9,INCUBATION_2_TEMP,GAMMA,SP_FIXED,T,F,F,F,I,1,0,,0,0,,0,,,,0
DPSU_STERILITY,GAMMA,1,Gamma,10,INCUBATION_3_READ,GAMMA,SP_QUAN,T,F,F,F,I,0,0,,0,0,,0,,,,0
TESTSLS-002,LAB,1,Finish Product Lab Sample,1,DPBL_CHEMISTRY_1,POWDER,SP_FIXED,T,F,F,F,U,1,0,,0,0,,0,,,,0
DPSU_STERILITY,GAMMA_NEG,1,Gamma Negative,11,INCUBATION_3_READ_NEG,GAMMA,SP_FIXED,T,F,F,F,I,1,0,,0,0,,0,,,,0
TESTFORSTAKEHOLDER,T220_CAV1,1,,3,CHEMISTRY_3,LIQUID,SP_FIXED,T,F,F,F,U,1,0,,0,0,,0,,,,0
DPSU_103500,AQL03,1,,5,AQL03,NONE,SP_AQL,T,F,F,F,I,1,0,,0,0,,0,,,,0
DPSU_103500,AQL04,1,,6,AQL04,NONE,SP_AQL,T,F,F,F,I,1,0,,0,0,,0,,,,0
DPSU_103500,AQL05,1,,7,AQL05,NONE,SP_AQL,T,F,F,F,I,1,0,,0,0,,0,,,,0
DPSU_103500,AQL06,1,,8,AQL06,NONE,SP_AQL,T,F,F,F,I,1,0,,0,0,,0,,,,0
DPSU_103500,AQL08,1,,9,AQL08,NONE,SP_AQL,T,F,F,F,I,1,0,,0,0,,0,,,,0
DPSU_103500,AQL09,1,,10,AQL09,NONE,SP_AQL,T,F,F,F,I,1,0,,0,0,,0,,,,0
DPSU_103500,AQL10,1,,11,AQL10,NONE,SP_AQL,T,F,F,F,I,1,0,,0,0,,0,,,,0
DPSU_103625,AQL01,1,,1,AQL01,NONE,SP_AQL,T,F,F,F,I,1,0,,0,0,,0,,,,0
DPSU_103625,AQL02,1,,2,AQL02,NONE,SP_AQL,T,F,F,F,I,1,0,,0,0,,0,,,,0
DPSU_103625,AQL07,1,,3,AQL07,NONE,SP_AQL,T,F,F,F,I,1,0,,0,0,,0,,,,0
DPSU_103625,AQL11,1,,4,AQL11,NONE,SP_AQL,T,F,F,F,I,1,0,,0,0,,0,,,,0
DPSU_103625,AQL03,1,,5,AQL03,NONE,SP_AQL,T,F,F,F,I,1,0,,0,0,,0,,,,0
DPSU_103625,AQL04,1,,6,AQL04,NONE,SP_AQL,T,F,F,F,I,1,0,,0,0,,0,,,,0
DPSU_103625,AQL05,1,,7,AQL05,NONE,SP_AQL,T,F,F,F,I,1,0,,0,0,,0,,,,0
DPSU_103625,AQL06,1,,8,AQL06,NONE,SP_AQL,T,F,F,F,I,1,0,,0,0,,0,,,,0
DPSU_103625,AQL08,1,,9,AQL08,NONE,SP_AQL,T,F,F,F,I,1,0,,0,0,,0,,,,0
DPSU_103625,AQL09,1,,10,AQL09,NONE,SP_AQL,T,F,F,F,I,1,0,,0,0,,0,,,,0
DPSU_103625,AQL10,1,,11,AQL10,NONE,SP_AQL,T,F,F,F,I,1,0,,0,0,,0,,,,0
DPSU_103337399,AQL01,1,,1,AQL01,NONE,SP_AQL,T,F,F,F,I,1,0,,0,0,,0,,,,0
DPSU_103337399,AQL02,1,,2,AQL02,NONE,SP_AQL,T,F,F,F,I,1,0,,0,0,,0,,,,0
DPSU_103337399,AQL07,1,,3,AQL07,NONE,SP_AQL,T,F,F,F,I,1,0,,0,0,,0,,,,0
DPSU_103337399,AQL11,1,,4,AQL11,NONE,SP_AQL,T,F,F,F,I,1,0,,0,0,,0,,,,0
DPSU_103337399,AQL03,1,,5,AQL03,NONE,SP_AQL,T,F,F,F,I,1,0,,0,0,,0,,,,0
DPSU_103337399,AQL04,1,,6,AQL04,NONE,SP_AQL,T,F,F,F,I,1,0,,0,0,,0,,,,0
DPSU_103337399,AQL05,1,,7,AQL05,NONE,SP_AQL,T,F,F,F,I,1,0,,0,0,,0,,,,0
DPSU_103337399,AQL06,1,,8,AQL06,NONE,SP_AQL,T,F,F,F,I,1,0,,0,0,,0,,,,0
DPSU_103337399,AQL08,1,,9,AQL08,NONE,SP_AQL,T,F,F,F,I,1,0,,0,0,,0,,,,0
DPSU_103337399,AQL09,1,,10,AQL09,NONE,SP_AQL,T,F,F,F,I,1,0,,0,0,,0,,,,0
DPSU_103337399,AQL10,1,,11,AQL10,NONE,SP_AQL,T,F,F,F,I,1,0,,0,0,,0,,,,0
DPSU_103480,AQL01,1,,1,AQL01,NONE,SP_AQL,T,F,F,F,I,1,0,,0,0,,0,,,,0
DPSU_103480,AQL02,1,,2,AQL02,NONE,SP_AQL,T,F,F,F,I,1,0,,0,0,,0,,,,0
DPSU_103480,AQL07,1,,3,AQL07,NONE,SP_AQL,T,F,F,F,I,1,0,,0,0,,0,,,,0
DPSU_103480,AQL11,1,,4,AQL11,NONE,SP_AQL,T,F,F,F,I,1,0,,0,0,,0,,,,0
DPSU_103480,AQL03,1,,5,AQL03,NONE,SP_AQL,T,F,F,F,I,1,0,,0,0,,0,,,,0
DPSU_103480,AQL04,1,,6,AQL04,NONE,SP_AQL,T,F,F,F,I,1,0,,0,0,,0,,,,0
DPSU_103480,AQL05,1,,7,AQL05,NONE,SP_AQL,T,F,F,F,I,1,0,,0,0,,0,,,,0
DPSU_103480,AQL06,1,,8,AQL06,NONE,SP_AQL,T,F,F,F,I,1,0,,0,0,,0,,,,0
DPSU_103480,AQL08,1,,9,AQL08,NONE,SP_AQL,T,F,F,F,I,1,0,,0,0,,0,,,,0
DPSU_103480,AQL09,1,,10,AQL09,NONE,SP_AQL,T,F,F,F,I,1,0,,0,0,,0,,,,0
DPSU_103480,AQL10,1,,11,AQL10,NONE,SP_AQL,T,F,F,F,I,1,0,,0,0,,0,,,,0
DPSU_103053,AQL01,1,,1,AQL01,NONE,SP_AQL,T,F,F,F,I,1,0,,0,0,,0,,,,0
DPSU_103053,AQL02,1,,2,AQL02,NONE,SP_AQL,T,F,F,F,I,1,0,,0,0,,0,,,,0
DPSU_103053,AQL07,1,,3,AQL07,NONE,SP_AQL,T,F,F,F,I,1,0,,0,0,,0,,,,0
DPSU_103053,AQL11,1,,4,AQL11,NONE,SP_AQL,T,F,F,F,I,1,0,,0,0,,0,,,,0
DPSU_103053,AQL03,1,,5,AQL03,NONE,SP_AQL,T,F,F,F,I,1,0,,0,0,,0,,,,0
DPSU_103053,AQL04,1,,6,AQL04,NONE,SP_AQL,T,F,F,F,I,1,0,,0,0,,0,,,,0
DPSU_103053,AQL05,1,,7,AQL05,NONE,SP_AQL,T,F,F,F,I,1,0,,0,0,,0,,,,0
DPSU_103053,AQL06,1,,8,AQL06,NONE,SP_AQL,T,F,F,F,I,1,0,,0,0,,0,,,,0
DPSU_103053,AQL08,1,,9,AQL08,NONE,SP_AQL,T,F,F,F,I,1,0,,0,0,,0,,,,0
DPSU_103053,AQL09,1,,10,AQL09,NONE,SP_AQL,T,F,F,F,I,1,0,,0,0,,0,,,,0
DPSU_103053,AQL10,1,,11,AQL10,NONE,SP_AQL,T,F,F,F,I,1,0,,0,0,,0,,,,0
DPSU_103050,AQL01,1,,1,AQL01,NONE,SP_AQL,T,F,F,F,I,1,0,,0,0,,0,,,,0
DPSU_103050,AQL02,1,,2,AQL02,NONE,SP_AQL,T,F,F,F,I,1,0,,0,0,,0,,,,0
DPSU_103050,AQL07,1,,3,AQL07,NONE,SP_AQL,T,F,F,F,I,1,0,,0,0,,0,,,,0
DPSU_103050,AQL11,1,,4,AQL11,NONE,SP_AQL,T,F,F,F,I,1,0,,0,0,,0,,,,0
DPSU_103050,AQL03,1,,5,AQL03,NONE,SP_AQL,T,F,F,F,I,1,0,,0,0,,0,,,,0
DPSU_103050,AQL04,1,,6,AQL04,NONE,SP_AQL,T,F,F,F,I,1,0,,0,0,,0,,,,0
DPSU_103050,AQL05,1,,7,AQL05,NONE,SP_AQL,T,F,F,F,I,1,0,,0,0,,0,,,,0
DPSU_103050,AQL06,1,,8,AQL06,NONE,SP_AQL,T,F,F,F,I,1,0,,0,0,,0,,,,0
DPSU_103050,AQL08,1,,9,AQL08,NONE,SP_AQL,T,F,F,F,I,1,0,,0,0,,0,,,,0
DPSU_103050,AQL09,1,,10,AQL09,NONE,SP_AQL,T,F,F,F,I,1,0,,0,0,,0,,,,0
DPSU_103050,AQL10,1,,11,AQL10,NONE,SP_AQL,T,F,F,F,I,1,0,,0,0,,0,,,,0
DPSU_103052,AQL01,1,,1,AQL01,NONE,SP_AQL,T,F,F,F,I,1,0,,0,0,,0,,,,0
DPSU_103052,AQL02,1,,2,AQL02,NONE,SP_AQL,T,F,F,F,I,1,0,,0,0,,0,,,,0
DPSU_103052,AQL07,1,,3,AQL07,NONE,SP_AQL,T,F,F,F,I,1,0,,0,0,,0,,,,0
DPSU_103052,AQL11,1,,4,AQL11,NONE,SP_AQL,T,F,F,F,I,1,0,,0,0,,0,,,,0
DPSU_103052,AQL03,1,,5,AQL03,NONE,SP_AQL,T,F,F,F,I,1,0,,0,0,,0,,,,0
DPSU_103052,AQL04,1,,6,AQL04,NONE,SP_AQL,T,F,F,F,I,1,0,,0,0,,0,,,,0
DPSU_103052,AQL05,1,,7,AQL05,NONE,SP_AQL,T,F,F,F,I,1,0,,0,0,,0,,,,0
DPSU_103052,AQL06,1,,8,AQL06,NONE,SP_AQL,T,F,F,F,I,1,0,,0,0,,0,,,,0
DPSU_103052,AQL08,1,,9,AQL08,NONE,SP_AQL,T,F,F,F,I,1,0,,0,0,,0,,,,0
DPSU_103052,AQL09,1,,10,AQL09,NONE,SP_AQL,T,F,F,F,I,1,0,,0,0,,0,,,,0
_DEMO_COA,1,1,DEMO,1,NONE,POWDER,SP_FIXED,T,F,F,F,U,1,0,,0,0,,0,,,,0
DPOB_SUSPENSION_INT,225439,1,,1,CHEM2,NONE,SP_FIXED,T,F,F,F,I,1,2,,0,0,,0,DPOB_LABELPRINTER_ANALAB,DPOB_SAMPLE,,2
DPOB_SUSPENSION_INT,059,1,,2,CHEM4,NONE,SP_FIXED,T,F,F,F,I,1,2,,0,0,,0,DPOB_LABELPRINTER_ANALAB,DPOB_SAMPLE,,2
DPOB_SUSPENSION_INT,1090,1,,3,CHEM5,NONE,SP_FIXED,T,F,F,F,I,1,2,,0,0,,0,DPOB_LABELPRINTER_ANALAB,DPOB_SAMPLE,,2
DPOB_SUSPENSION_INT,458483Part1,1,,4,CHEM3,NONE,SP_FIXED,T,F,F,F,I,1,2,,0,0,,0,DPOB_LABELPRINTER_ANALAB,DPOB_SAMPLE,,6
DPSU_103052,AQL10,1,,11,AQL10,NONE,SP_AQL,T,F,F,F,I,1,0,,0,0,,0,,,,0
DPSU_103173,AQL01,1,,1,AQL01,NONE,SP_AQL,T,F,F,F,I,1,0,,0,0,,0,,,,0
DPSU_103173,AQL02,1,,2,AQL02,NONE,SP_AQL,T,F,F,F,I,1,0,,0,0,,0,,,,0
DPSU_103173,AQL07,1,,3,AQL07,NONE,SP_AQL,T,F,F,F,I,1,0,,0,0,,0,,,,0
DPSU_103173,AQL11,1,,4,AQL11,NONE,SP_AQL,T,F,F,F,I,1,0,,0,0,,0,,,,0
DPSU_103173,AQL03,1,,5,AQL03,NONE,SP_AQL,T,F,F,F,I,1,0,,0,0,,0,,,,0
DPSU_103173,AQL04,1,,6,AQL04,NONE,SP_AQL,T,F,F,F,I,1,0,,0,0,,0,,,,0
DPSU_103173,AQL05,1,,7,AQL05,NONE,SP_AQL,T,F,F,F,I,1,0,,0,0,,0,,,,0
DPSU_103173,AQL06,1,,8,AQL06,NONE,SP_AQL,T,F,F,F,I,1,0,,0,0,,0,,,,0
DPSU_103173,AQL08,1,,9,AQL08,NONE,SP_AQL,T,F,F,F,I,1,0,,0,0,,0,,,,0
DPSU_103173,AQL09,1,,10,AQL09,NONE,SP_AQL,T,F,F,F,I,1,0,,0,0,,0,,,,0
DPSU_103173,AQL10,1,,11,AQL10,NONE,SP_AQL,T,F,F,F,I,1,0,,0,0,,0,,,,0
DPSU_104161,AQL01,1,,1,AQL01,NONE,SP_AQL,T,F,F,F,I,1,0,,0,0,,0,,,,0
DPSU_104161,AQL02,1,,2,AQL02,NONE,SP_AQL,T,F,F,F,I,1,0,,0,0,,0,,,,0
DPSU_104161,AQL07,1,,3,AQL07,NONE,SP_AQL,T,F,F,F,I,1,0,,0,0,,0,,,,0
DPSU_104161,AQL11,1,,4,AQL11,NONE,SP_AQL,T,F,F,F,I,1,0,,0,0,,0,,,,0
DPSU_104161,AQL03,1,,5,AQL03,NONE,SP_AQL,T,F,F,F,I,1,0,,0,0,,0,,,,0
DPSU_104161,AQL04,1,,6,AQL04,NONE,SP_AQL,T,F,F,F,I,1,0,,0,0,,0,,,,0
DPSU_104161,AQL05,1,,7,AQL05,NONE,SP_AQL,T,F,F,F,I,1,0,,0,0,,0,,,,0
DPSU_104161,AQL06,1,,8,AQL06,NONE,SP_AQL,T,F,F,F,I,1,0,,0,0,,0,,,,0
DPSU_104161,AQL08,1,,9,AQL08,NONE,SP_AQL,T,F,F,F,I,1,0,,0,0,,0,,,,0
DPSU_104161,AQL09,1,,10,AQL09,NONE,SP_AQL,T,F,F,F,I,1,0,,0,0,,0,,,,0
DPSU_104161,AQL10,1,,11,AQL10,NONE,SP_AQL,T,F,F,F,I,1,0,,0,0,,0,,,,0
DPSU_104349,AQL01,1,,1,AQL01,NONE,SP_AQL,T,F,F,F,I,1,0,,0,0,,0,,,,0
DPSU_104349,AQL02,1,,2,AQL02,NONE,SP_AQL,T,F,F,F,I,1,0,,0,0,,0,,,,0
DPSU_104349,AQL07,1,,3,AQL07,NONE,SP_AQL,T,F,F,F,I,1,0,,0,0,,0,,,,0
DPSU_104349,AQL11,1,,4,AQL11,NONE,SP_AQL,T,F,F,F,I,1,0,,0,0,,0,,,,0
DPSU_104349,AQL03,1,,5,AQL03,NONE,SP_AQL,T,F,F,F,I,1,0,,0,0,,0,,,,0
DPSU_104349,AQL04,1,,6,AQL04,NONE,SP_AQL,T,F,F,F,I,1,0,,0,0,,0,,,,0
DPSU_104349,AQL05,1,,7,AQL05,NONE,SP_AQL,T,F,F,F,I,1,0,,0,0,,0,,,,0
DPSU_104349,AQL06,1,,8,AQL06,NONE,SP_AQL,T,F,F,F,I,1,0,,0,0,,0,,,,0
DPSU_104349,AQL08,1,,9,AQL08,NONE,SP_AQL,T,F,F,F,I,1,0,,0,0,,0,,,,0
DPSU_104349,AQL09,1,,10,AQL09,NONE,SP_AQL,T,F,F,F,I,1,0,,0,0,,0,,,,0
DPSU_104349,AQL10,1,,11,AQL10,NONE,SP_AQL,T,F,F,F,I,1,0,,0,0,,0,,,,0
DPSU_104160,AQL01,1,,1,AQL01,NONE,SP_AQL,T,F,F,F,I,1,0,,0,0,,0,,,,0
DPSU_104160,AQL02,1,,2,AQL02,NONE,SP_AQL,T,F,F,F,I,1,0,,0,0,,0,,,,0
DPSU_104160,AQL07,1,,3,AQL07,NONE,SP_AQL,T,F,F,F,I,1,0,,0,0,,0,,,,0
DPSU_104160,AQL11,1,,4,AQL11,NONE,SP_AQL,T,F,F,F,I,1,0,,0,0,,0,,,,0
DPSU_104160,AQL03,1,,5,AQL03,NONE,SP_AQL,T,F,F,F,I,1,0,,0,0,,0,,,,0
DPSU_104160,AQL04,1,,6,AQL04,NONE,SP_AQL,T,F,F,F,I,1,0,,0,0,,0,,,,0
DPSU_104160,AQL05,1,,7,AQL05,NONE,SP_AQL,T,F,F,F,I,1,0,,0,0,,0,,,,0
DPSU_104160,AQL06,1,,8,AQL06,NONE,SP_AQL,T,F,F,F,I,1,0,,0,0,,0,,,,0
DPSU_104160,AQL08,1,,9,AQL08,NONE,SP_AQL,T,F,F,F,I,1,0,,0,0,,0,,,,0
DPSU_104160,AQL09,1,,10,AQL09,NONE,SP_AQL,T,F,F,F,I,1,0,,0,0,,0,,,,0
DPSU_104160,AQL10,1,,11,AQL10,NONE,SP_AQL,T,F,F,F,I,1,0,,0,0,,0,,,,0
DPSU_102201,AQL01,1,,1,AQL01,NONE,SP_AQL,T,F,F,F,I,1,0,,0,0,,0,,,,0
DPSU_102201,AQL02,1,,2,AQL02,NONE,SP_AQL,T,F,F,F,I,1,0,,0,0,,0,,,,0
DPSU_102201,AQL07,1,,3,AQL07,NONE,SP_AQL,T,F,F,F,I,1,0,,0,0,,0,,,,0
DPSU_102201,AQL03,1,,4,AQL03,NONE,SP_AQL,T,F,F,F,I,1,0,,0,0,,0,,,,0
DPSU_102201,AQL04,1,,5,AQL04,NONE,SP_AQL,T,F,F,F,I,1,0,,0,0,,0,,,,0
DPSU_102201,AQL05,1,,6,AQL05,NONE,SP_AQL,T,F,F,F,I,1,0,,0,0,,0,,,,0
DPSU_102201,AQL06,1,,7,AQL06,NONE,SP_AQL,T,F,F,F,I,1,0,,0,0,,0,,,,0
DPSU_102196,AQL01,1,,1,AQL01,NONE,SP_AQL,T,F,F,F,I,1,0,,0,0,,0,,,,0
DPSU_102196,AQL02,1,,2,AQL02,NONE,SP_AQL,T,F,F,F,I,1,0,,0,0,,0,,,,0
DPSU_102196,AQL07,1,,3,AQL07,NONE,SP_AQL,T,F,F,F,I,1,0,,0,0,,0,,,,0
DPSU_102196,AQL11,1,,4,AQL11,NONE,SP_AQL,T,F,F,F,I,1,0,,0,0,,0,,,,0
DPSU_102196,AQL03,1,,5,AQL03,NONE,SP_AQL,T,F,F,F,I,1,0,,0,0,,0,,,,0
DPSU_102196,AQL04,1,,6,AQL04,NONE,SP_AQL,T,F,F,F,I,1,0,,0,0,,0,,,,0
DPSU_102196,AQL05,1,,7,AQL05,NONE,SP_AQL,T,F,F,F,I,1,0,,0,0,,0,,,,0
DPSU_102196,AQL06,1,,8,AQL06,NONE,SP_AQL,T,F,F,F,I,1,0,,0,0,,0,,,,0
DPSU_102196,AQL08,1,,9,AQL08,NONE,SP_AQL,T,F,F,F,I,1,0,,0,0,,0,,,,0
DPSU_102196,AQL09,1,,10,AQL09,NONE,SP_AQL,T,F,F,F,I,1,0,,0,0,,0,,,,0
DPSU_102196,AQL10,1,,11,AQL10,NONE,SP_AQL,T,F,F,F,I,1,0,,0,0,,0,,,,0
DPSU_102658,AQL01,1,,1,AQL01,NONE,SP_AQL,T,F,F,F,I,1,0,,0,0,,0,,,,0
DPSU_102658,AQL02,1,,2,AQL02,NONE,SP_AQL,T,F,F,F,I,1,0,,0,0,,0,,,,0
DPSU_102658,AQL07,1,,3,AQL07,NONE,SP_AQL,T,F,F,F,I,1,0,,0,0,,0,,,,0
DPSU_102658,AQL11,1,,4,AQL11,NONE,SP_AQL,T,F,F,F,I,1,0,,0,0,,0,,,,0
DPSU_102658,AQL03,1,,5,AQL03,NONE,SP_AQL,T,F,F,F,I,1,0,,0,0,,0,,,,0
DPSU_102658,AQL04,1,,6,AQL04,NONE,SP_AQL,T,F,F,F,I,1,0,,0,0,,0,,,,0
DPSU_102658,AQL05,1,,7,AQL05,NONE,SP_AQL,T,F,F,F,I,1,0,,0,0,,0,,,,0
DPSU_102658,AQL06,1,,8,AQL06,NONE,SP_AQL,T,F,F,F,I,1,0,,0,0,,0,,,,0
DPSU_102658,AQL08,1,,9,AQL08,NONE,SP_AQL,T,F,F,F,I,1,0,,0,0,,0,,,,0
DPSU_102658,AQL09,1,,10,AQL09,NONE,SP_AQL,T,F,F,F,I,1,0,,0,0,,0,,,,0
DPSU_102658,AQL10,1,,11,AQL10,NONE,SP_AQL,T,F,F,F,I,1,0,,0,0,,0,,,,0
DPSU_103336282,AQL01,1,,1,AQL01,NONE,SP_AQL,T,F,F,F,I,1,0,,0,0,,0,,,,0
DPSU_103336282,AQL02,1,,2,AQL02,NONE,SP_AQL,T,F,F,F,I,1,0,,0,0,,0,,,,0
DPSU_103336282,AQL07,1,,3,AQL07,NONE,SP_AQL,T,F,F,F,I,1,0,,0,0,,0,,,,0
DPSU_103336282,AQL11,1,,4,AQL11,NONE,SP_AQL,T,F,F,F,I,1,0,,0,0,,0,,,,0
DPSU_103336282,AQL03,1,,5,AQL03,NONE,SP_AQL,T,F,F,F,I,1,0,,0,0,,0,,,,0
DPSU_103336282,AQL04,1,,6,AQL04,NONE,SP_AQL,T,F,F,F,I,1,0,,0,0,,0,,,,0
DPSU_103336282,AQL05,1,,7,AQL05,NONE,SP_AQL,T,F,F,F,I,1,0,,0,0,,0,,,,0
DPSU_103336282,AQL06,1,,8,AQL06,NONE,SP_AQL,T,F,F,F,I,1,0,,0,0,,0,,,,0
DPSU_103336282,AQL08,1,,9,AQL08,NONE,SP_AQL,T,F,F,F,I,1,0,,0,0,,0,,,,0
_ROSE_UAT_LIQ_MATCH,1,1,,1,SUMMARY,CONSTITUTED_CEMENT,SP_FIXED,T,F,F,F,U,1,0,,0,0,,0,,,,0
_ROSE_UAT_LIQ_MATCH,2,1,,2,DPBL_INSPECTION_1,CONSTITUTED_CEMENT,SP_FIXED,T,F,F,F,U,1,0,,0,0,,0,,,,0
_ROSE_UAT_LIQ_MATCH,3,1,,3,DPBL_CHEMISTRY_1,POWDER,SP_FIXED,T,F,F,F,U,1,0,,0,0,,0,,,,0
_ROSE_UAT_LIQ_MATCH,4,1,,4,DPBL_INSPECTION_1,PACKAGING,SP_FIXED,T,F,F,F,U,1,0,,0,0,,0,,,,0
_ROSE_UAT_LIQ_MATCH,5,1,,5,TEST1,LIQUID,SP_FIXED,T,F,F,F,U,1,0,,0,0,,0,,,,0
DPOB_SUSPENSION,317,1,,1,CHEM1,NONE,SP_FIXED,T,F,F,F,I,1,2,,0,0,,0,DPOB_LABELPRINTER_ANALAB,DPOB_SAMPLE,,6
DPOB_SUSPENSION,225439,1,,2,CHEM2,NONE,SP_FIXED,T,F,F,F,I,1,2,,0,0,,0,DPOB_LABELPRINTER_ANALAB,DPOB_SAMPLE,,2
DPOB_SUSPENSION,059,1,,3,CHEM4,NONE,SP_FIXED,T,F,F,F,I,1,2,,0,0,,0,DPOB_LABELPRINTER_ANALAB,DPOB_SAMPLE,,2
DPOB_SUSPENSION,1090,1,,4,CHEM5,NONE,SP_FIXED,T,F,F,F,I,1,2,,0,0,,0,DPOB_LABELPRINTER_ANALAB,DPOB_SAMPLE,,2
DPSU_103336282,AQL09,1,,10,AQL09,NONE,SP_AQL,T,F,F,F,I,1,0,,0,0,,0,,,,0
DPSU_103336282,AQL10,1,,11,AQL10,NONE,SP_AQL,T,F,F,F,I,1,0,,0,0,,0,,,,0
DPSU_102202,AQL01,1,,1,AQL01,NONE,SP_AQL,T,F,F,F,I,1,0,,0,0,,0,,,,0
DPSU_102202,AQL02,1,,2,AQL02,NONE,SP_AQL,T,F,F,F,I,1,0,,0,0,,0,,,,0
DPSU_102202,AQL07,1,,3,AQL07,NONE,SP_AQL,T,F,F,F,I,1,0,,0,0,,0,,,,0
DPSU_102202,AQL11,1,,4,AQL11,NONE,SP_AQL,T,F,F,F,I,1,0,,0,0,,0,,,,0
DPSU_102202,AQL03,1,,5,AQL03,NONE,SP_AQL,T,F,F,F,I,1,0,,0,0,,0,,,,0
DPSU_102202,AQL04,1,,6,AQL04,NONE,SP_AQL,T,F,F,F,I,1,0,,0,0,,0,,,,0
DPSU_102202,AQL05,1,,7,AQL05,NONE,SP_AQL,T,F,F,F,I,1,0,,0,0,,0,,,,0
DPSU_102202,AQL06,1,,8,AQL06,NONE,SP_AQL,T,F,F,F,I,1,0,,0,0,,0,,,,0
DPSU_102202,AQL08,1,,9,AQL08,NONE,SP_AQL,T,F,F,F,I,1,0,,0,0,,0,,,,0
DPSU_102202,AQL09,1,,10,AQL09,NONE,SP_AQL,T,F,F,F,I,1,0,,0,0,,0,,,,0
DPSU_102202,AQL10,1,,11,AQL10,NONE,SP_AQL,T,F,F,F,I,1,0,,0,0,,0,,,,0
DPSU_102399,AQL01,1,,1,AQL01,NONE,SP_AQL,T,F,F,F,I,1,0,,0,0,,0,,,,0
DPSU_102399,AQL02,1,,2,AQL02,NONE,SP_AQL,T,F,F,F,I,1,0,,0,0,,0,,,,0
DPSU_102399,AQL07,1,,3,AQL07,NONE,SP_AQL,T,F,F,F,I,1,0,,0,0,,0,,,,0
DPSU_102399,AQL03,1,,4,AQL03,NONE,SP_AQL,T,F,F,F,I,1,0,,0,0,,0,,,,0
DPSU_102399,AQL04,1,,5,AQL04,NONE,SP_AQL,T,F,F,F,I,1,0,,0,0,,0,,,,0
DPSU_102399,AQL05,1,,6,AQL05,NONE,SP_AQL,T,F,F,F,I,1,0,,0,0,,0,,,,0
DPSU_102399,AQL06,1,,7,AQL06,NONE,SP_AQL,T,F,F,F,I,1,0,,0,0,,0,,,,0
DPSU_102401,AQL01,1,,1,AQL01,NONE,SP_AQL,T,F,F,F,I,1,0,,0,0,,0,,,,0
DPSU_102401,AQL02,1,,2,AQL02,NONE,SP_AQL,T,F,F,F,I,1,0,,0,0,,0,,,,0
DPSU_102401,AQL07,1,,3,AQL07,NONE,SP_AQL,T,F,F,F,I,1,0,,0,0,,0,,,,0
DPSU_102401,AQL11,1,,4,AQL11,NONE,SP_AQL,T,F,F,F,I,1,0,,0,0,,0,,,,0
DPSU_102401,AQL03,1,,5,AQL03,NONE,SP_AQL,T,F,F,F,I,1,0,,0,0,,0,,,,0
DPSU_102401,AQL04,1,,6,AQL04,NONE,SP_AQL,T,F,F,F,I,1,0,,0,0,,0,,,,0
DPSU_102401,AQL05,1,,7,AQL05,NONE,SP_AQL,T,F,F,F,I,1,0,,0,0,,0,,,,0
DPSU_102401,AQL06,1,,8,AQL06,NONE,SP_AQL,T,F,F,F,I,1,0,,0,0,,0,,,,0
DPSU_102401,AQL08,1,,9,AQL08,NONE,SP_AQL,T,F,F,F,I,1,0,,0,0,,0,,,,0
DPSU_102401,AQL09,1,,10,AQL09,NONE,SP_AQL,T,F,F,F,I,1,0,,0,0,,0,,,,0
DPSU_102401,AQL10,1,,11,AQL10,NONE,SP_AQL,T,F,F,F,I,1,0,,0,0,,0,,,,0
DPSU_103089,AQL01,1,,1,AQL01,NONE,SP_AQL,T,F,F,F,I,1,0,,0,0,,0,,,,0
DPSU_103089,AQL02,1,,2,AQL02,NONE,SP_AQL,T,F,F,F,I,1,0,,0,0,,0,,,,0
DPSU_103089,AQL07,1,,3,AQL07,NONE,SP_AQL,T,F,F,F,I,1,0,,0,0,,0,,,,0
DPSU_103089,AQL11,1,,4,AQL11,NONE,SP_AQL,T,F,F,F,I,1,0,,0,0,,0,,,,0
DPSU_103089,AQL03,1,,5,AQL03,NONE,SP_AQL,T,F,F,F,I,1,0,,0,0,,0,,,,0
DPSU_103089,AQL04,1,,6,AQL04,NONE,SP_AQL,T,F,F,F,I,1,0,,0,0,,0,,,,0
DPSU_103089,AQL05,1,,7,AQL05,NONE,SP_AQL,T,F,F,F,I,1,0,,0,0,,0,,,,0
DPSU_103089,AQL06,1,,8,AQL06,NONE,SP_AQL,T,F,F,F,I,1,0,,0,0,,0,,,,0
DPSU_103089,AQL08,1,,9,AQL08,NONE,SP_AQL,T,F,F,F,I,1,0,,0,0,,0,,,,0
DPSU_103089,AQL09,1,,10,AQL09,NONE,SP_AQL,T,F,F,F,I,1,0,,0,0,,0,,,,0
DPSU_103089,AQL10,1,,11,AQL10,NONE,SP_AQL,T,F,F,F,I,1,0,,0,0,,0,,,,0
DPSU_103088,AQL01,1,,1,AQL01,NONE,SP_AQL,T,F,F,F,I,1,0,,0,0,,0,,,,0
DPSU_103088,AQL02,1,,2,AQL02,NONE,SP_AQL,T,F,F,F,I,1,0,,0,0,,0,,,,0
DPSU_103088,AQL07,1,,3,AQL07,NONE,SP_AQL,T,F,F,F,I,1,0,,0,0,,0,,,,0
DPSU_103088,AQL11,1,,4,AQL11,NONE,SP_AQL,T,F,F,F,I,1,0,,0,0,,0,,,,0
DPSU_103088,AQL03,1,,5,AQL03,NONE,SP_AQL,T,F,F,F,I,1,0,,0,0,,0,,,,0
DPSU_103088,AQL04,1,,6,AQL04,NONE,SP_AQL,T,F,F,F,I,1,0,,0,0,,0,,,,0
DPSU_103088,AQL05,1,,7,AQL05,NONE,SP_AQL,T,F,F,F,I,1,0,,0,0,,0,,,,0
DPSU_103088,AQL06,1,,8,AQL06,NONE,SP_AQL,T,F,F,F,I,1,0,,0,0,,0,,,,0
DPSU_103088,AQL08,1,,9,AQL08,NONE,SP_AQL,T,F,F,F,I,1,0,,0,0,,0,,,,0
DPSU_103088,AQL09,1,,10,AQL09,NONE,SP_AQL,T,F,F,F,I,1,0,,0,0,,0,,,,0
DPSU_103088,AQL10,1,,11,AQL10,NONE,SP_AQL,T,F,F,F,I,1,0,,0,0,,0,,,,0
DPSU_103143,AQL01,1,,1,AQL01,NONE,SP_AQL,T,F,F,F,I,1,0,,0,0,,0,,,,0
DPSU_103143,AQL02,1,,2,AQL02,NONE,SP_AQL,T,F,F,F,I,1,0,,0,0,,0,,,,0
DPSU_103143,AQL07,1,,3,AQL07,NONE,SP_AQL,T,F,F,F,I,1,0,,0,0,,0,,,,0
DPSU_103143,AQL11,1,,4,AQL11,NONE,SP_AQL,T,F,F,F,I,1,0,,0,0,,0,,,,0
DPSU_103143,AQL03,1,,5,AQL03,NONE,SP_AQL,T,F,F,F,I,1,0,,0,0,,0,,,,0
DPSU_103143,AQL04,1,,6,AQL04,NONE,SP_AQL,T,F,F,F,I,1,0,,0,0,,0,,,,0
DPSU_103143,AQL05,1,,7,AQL05,NONE,SP_AQL,T,F,F,F,I,1,0,,0,0,,0,,,,0
DPSU_103143,AQL06,1,,8,AQL06,NONE,SP_AQL,T,F,F,F,I,1,0,,0,0,,0,,,,0
DPSU_103143,AQL08,1,,9,AQL08,NONE,SP_AQL,T,F,F,F,I,1,0,,0,0,,0,,,,0
DPSU_103143,AQL09,1,,10,AQL09,NONE,SP_AQL,T,F,F,F,I,1,0,,0,0,,0,,,,0
DPSU_103143,AQL10,1,,11,AQL10,NONE,SP_AQL,T,F,F,F,I,1,0,,0,0,,0,,,,0
DPSU_102591,AQL01,1,,1,AQL01,NONE,SP_AQL,T,F,F,F,I,1,0,,0,0,,0,,,,0
DPSU_102591,AQL02,1,,2,AQL02,NONE,SP_AQL,T,F,F,F,I,1,0,,0,0,,0,,,,0
DPSU_102591,AQL07,1,,3,AQL07,NONE,SP_AQL,T,F,F,F,I,1,0,,0,0,,0,,,,0
DPSU_102591,AQL11,1,,4,AQL11,NONE,SP_AQL,T,F,F,F,I,1,0,,0,0,,0,,,,0
DPSU_102591,AQL03,1,,5,AQL03,NONE,SP_AQL,T,F,F,F,I,1,0,,0,0,,0,,,,0
DPSU_102591,AQL04,1,,6,AQL04,NONE,SP_AQL,T,F,F,F,I,1,0,,0,0,,0,,,,0
DPSU_102591,AQL05,1,,7,AQL05,NONE,SP_AQL,T,F,F,F,I,1,0,,0,0,,0,,,,0
DPSU_102591,AQL06,1,,8,AQL06,NONE,SP_AQL,T,F,F,F,I,1,0,,0,0,,0,,,,0
DPSU_102591,AQL08,1,,9,AQL08,NONE,SP_AQL,T,F,F,F,I,1,0,,0,0,,0,,,,0
DPSU_102591,AQL09,1,,10,AQL09,NONE,SP_AQL,T,F,F,F,I,1,0,,0,0,,0,,,,0
DPSU_102591,AQL10,1,,11,AQL10,NONE,SP_AQL,T,F,F,F,I,1,0,,0,0,,0,,,,0
DPSU_103144,AQL01,1,,1,AQL01,NONE,SP_AQL,T,F,F,F,I,1,0,,0,0,,0,,,,0
DPSU_103144,AQL02,1,,2,AQL02,NONE,SP_AQL,T,F,F,F,I,1,0,,0,0,,0,,,,0
DPSU_103144,AQL07,1,,3,AQL07,NONE,SP_AQL,T,F,F,F,I,1,0,,0,0,,0,,,,0
DPOB_SUSP_01,ANALYSIS_GC_PH-317,1,,9,NONE,NONE,SP_FIXED,T,F,F,F,U,3,0,,0,0,,0,,,,0
TESTFORSTAKEHOLDER,T220_CAV,1,,2,CHEMISTRY_2,LIQUID,SP_FIXED,T,F,F,F,U,2,0,,0,0,,0,,,,0
DPOB_SUSP_01,RETAIN_GC_PH-317,1,,10,NONE,NONE,SP_FIXED,T,F,T,F,U,3,0,,0,0,,0,,,,0
DPBL_POWDER_BLENDS,GENTAMICIN CONTENT,1,,3,CHEMISTRY_2,POWDER,SP_FIXED,T,F,F,F,U,1,0,,0,0,,0,DPBL_MILL_AND_BLEND,DPBL_SAMPLE,,1
DPOB_SUSP_01,ANALYSIS_TSC,1,,1,NONE,NONE,SP_FIXED,T,F,F,F,U,1,0,,0,0,,0,,,,0
DPOB_SUSP_01,RETAIN_TSC,1,,2,NONE,NONE,SP_FIXED,T,F,T,F,U,1,0,,0,0,,0,,,,0
DPSU_RAW_MATERIAL,SHEAR,1,Shear Test,1,PHYSICAL,NONE,SP_FIXED,T,F,F,F,U,3,0,,0,0,,0,,,,0
DPSU_RAW_MATERIAL,OXYGEN,1,Oxygen Variation,2,PHYSICAL,NONE,SP_FIXED,T,F,F,F,U,3,0,,0,0,,0,,,,0
DPOB_SUSP_01,ANALYSIS_KF,1,,3,NONE,NONE,SP_FIXED,T,F,F,F,U,1,0,,0,0,,0,,,,0
DPOB_SUSP_01,RETAIN_KF,1,,4,NONE,NONE,SP_FIXED,T,F,T,F,U,1,0,,0,0,,0,,,,0
DPOB_SUSP_01,ANALYSIS_rel_sub,1,,5,NONE,NONE,SP_FIXED,T,F,F,F,U,1,0,,0,0,,0,,,,0
DPOB_SUSP_01,RETAIN_rel_sub,1,,6,NONE,NONE,SP_FIXED,T,F,T,F,U,1,0,,0,0,,0,,,,0
DPOB_SP_GC,ANALYSISGCVOR,1,,1,NONE,NONE,SP_FIXED,T,F,F,F,U,1,0,,0,0,,0,,,,0
DPOB_SP_GC,RETAINGCVOR,1,,2,NONE,NONE,SP_FIXED,T,F,F,F,U,1,0,,0,0,,0,,,,0
DPOB_SP_GC,ANALYSISGCNACH,1,,3,NONE,NONE,SP_FIXED,T,F,F,F,U,1,0,,0,0,,0,,,,0
DPOB_SP_GC,RETAINGCNACH,1,,4,NONE,NONE,SP_FIXED,T,F,F,F,U,1,0,,0,0,,0,,,,0
DPSU_103321208,DPSU_MAX_BREAK_TORQU,1,Maxmum Breaking Torque,1,PHYSICAL,NONE,SP_FIXED,T,F,F,F,U,3,0,,0,0,,0,,,,0
DPSU_103321208,ANGLE_OF_ROTATION,1,Angle of rotation at failure,2,PHYSICAL,NONE,SP_FIXED,T,F,F,F,U,3,0,,0,0,,0,,,,0
DPSU_ML_103318473,TENSILE_TEST,1,Tensile test of metallic material,1,DPSU_103321208,NONE,SP_FIXED,T,F,F,F,U,1,0,,0,0,,0,,,,0
DPSU_ML_1033366858,3-POINT BENDING TEST,1,3-point bending test of bone plates,1,DPSU_103318473,NONE,SP_FIXED,T,F,F,F,U,1,0,,0,0,,0,,,,0
DPOB_SP_TSC,ANALYSISTSCVOR,1,,1,NONE,NONE,SP_FIXED,T,F,F,F,U,1,0,,0,0,,0,,,,0
DPOB_SP_TSC,RETAINTSCVOR,1,,2,NONE,NONE,SP_FIXED,T,F,F,F,U,1,0,,0,0,,0,,,,0
DPOB_SP_TSC,ANALYSISTSCNACH,1,,3,NONE,NONE,SP_FIXED,T,F,F,F,U,1,0,,0,0,,0,,,,0
DPOB_SP_TSC,RETAINTSCNACH,1,,4,NONE,NONE,SP_FIXED,T,F,F,F,U,1,0,,0,0,,0,,,,0
DPSU_ML_103357147,METALLOGRAPHIC_TEST,1,Metallographic Test,1,DPSU_103357147,NONE,SP_FIXED,T,F,F,F,U,1,0,,0,0,,0,,,,0
DPSU_ML_WI-5509,HRC_HARDNESS_TEST,1,HRC Hardness test,1,PHYSICAL,NONE,SP_FIXED,T,F,F,F,U,1,0,,0,0,,0,,,,0
DPSU_103678_M,AQL02,1,,1,AQL02,NONE,SP_AQL,T,F,F,F,I,1,0,,0,0,,0,,,,0
DPOB_SP_KF,ANALYSISKFVOR,1,,1,NONE,NONE,SP_FIXED,T,F,F,F,U,1,0,,0,0,,0,,,,0
DPOB_SP_KF,RETAINKFVOR,1,,2,NONE,NONE,SP_FIXED,T,F,F,F,U,1,0,,0,0,,0,,,,0
DPOB_SP_KF,ANALYSISKFNACH,1,,3,NONE,NONE,SP_FIXED,T,F,F,F,U,1,0,,0,0,,0,,,,0
DPOB_SP_KF,RETAINKFNACH,1,,4,NONE,NONE,SP_FIXED,T,F,F,F,U,1,0,,0,0,,0,,,,0
DPOB_IMPL_01,ANA_PH316,1,Anlysis sample for external Analysis,1,CHEM1,NONE,SP_FIXED,T,F,F,F,I,1,1,,0,0,,0,DPOB_LABELPRINTER_ANALAB,DPOB_SAMPLE,,1
DPOB_IMPL_01,ANA_PH1080-AB510,1,Anlysis sample for external Analysis,2,CHEM2,NONE,SP_FIXED,T,F,F,F,I,1,1,,0,0,,0,DPOB_LABELPRINTER_ANALAB,DPOB_SAMPLE,,1
DPSU_103144,AQL11,1,,4,AQL11,NONE,SP_AQL,T,F,F,F,I,1,0,,0,0,,0,,,,0
DPSU_103144,AQL03,1,,5,AQL03,NONE,SP_AQL,T,F,F,F,I,1,0,,0,0,,0,,,,0
DPSU_103144,AQL04,1,,6,AQL04,NONE,SP_AQL,T,F,F,F,I,1,0,,0,0,,0,,,,0
DPSU_103144,AQL05,1,,7,AQL05,NONE,SP_AQL,T,F,F,F,I,1,0,,0,0,,0,,,,0
DPSU_103144,AQL06,1,,8,AQL06,NONE,SP_AQL,T,F,F,F,I,1,0,,0,0,,0,,,,0
DPSU_103144,AQL08,1,,9,AQL08,NONE,SP_AQL,T,F,F,F,I,1,0,,0,0,,0,,,,0
DPSU_103144,AQL09,1,,10,AQL09,NONE,SP_AQL,T,F,F,F,I,1,0,,0,0,,0,,,,0
DPSU_103144,AQL10,1,,11,AQL10,NONE,SP_AQL,T,F,F,F,I,1,0,,0,0,,0,,,,0
DPSU_103616,AQL01,1,,1,AQL01,NONE,SP_AQL,T,F,F,F,I,1,0,,0,0,,0,,,,0
DPSU_103616,AQL02,1,,2,AQL02,NONE,SP_AQL,T,F,F,F,I,1,0,,0,0,,0,,,,0
DPSU_103616,AQL07,1,,3,AQL07,NONE,SP_AQL,T,F,F,F,I,1,0,,0,0,,0,,,,0
DPSU_103616,AQL11,1,,4,AQL11,NONE,SP_AQL,T,F,F,F,I,1,0,,0,0,,0,,,,0
DPSU_103616,AQL03,1,,5,AQL03,NONE,SP_AQL,T,F,F,F,I,1,0,,0,0,,0,,,,0
DPSU_103616,AQL04,1,,6,AQL04,NONE,SP_AQL,T,F,F,F,I,1,0,,0,0,,0,,,,0
DPSU_103616,AQL05,1,,7,AQL05,NONE,SP_AQL,T,F,F,F,I,1,0,,0,0,,0,,,,0
DPSU_103616,AQL06,1,,8,AQL06,NONE,SP_AQL,T,F,F,F,I,1,0,,0,0,,0,,,,0
DPSU_103616,AQL08,1,,9,AQL08,NONE,SP_AQL,T,F,F,F,I,1,0,,0,0,,0,,,,0
DPSU_103616,AQL09,1,,10,AQL09,NONE,SP_AQL,T,F,F,F,I,1,0,,0,0,,0,,,,0
DPSU_103616,AQL10,1,,11,AQL10,NONE,SP_AQL,T,F,F,F,I,1,0,,0,0,,0,,,,0
DPSU_103623,AQL01,1,,1,AQL01,NONE,SP_AQL,T,F,F,F,U,1,0,,0,0,,0,,,,0
DPSU_103623,AQL02,1,,2,AQL02,NONE,SP_AQL,T,F,F,F,I,1,0,,0,0,,0,,,,0
DPSU_103623,AQL07,1,,3,AQL07,NONE,SP_AQL,T,F,F,F,I,1,0,,0,0,,0,,,,0
DPSU_103623,AQL11,1,,4,AQL11,NONE,SP_AQL,T,F,F,F,I,1,0,,0,0,,0,,,,0
DPSU_103623,AQL03,1,,5,AQL03,NONE,SP_AQL,T,F,F,F,I,1,0,,0,0,,0,,,,0
DPSU_103623,AQL04,1,,6,AQL04,NONE,SP_AQL,T,F,F,F,I,1,0,,0,0,,0,,,,0
DPSU_103623,AQL05,1,,7,AQL05,NONE,SP_AQL,T,F,F,F,I,1,0,,0,0,,0,,,,0
DPSU_103623,AQL06,1,,8,AQL06,NONE,SP_AQL,T,F,F,F,I,1,0,,0,0,,0,,,,0
DPSU_103623,AQL08,1,,9,AQL08,NONE,SP_AQL,T,F,F,F,I,1,0,,0,0,,0,,,,0
DPSU_103623,AQL09,1,,10,AQL09,NONE,SP_AQL,T,F,F,F,I,1,0,,0,0,,0,,,,0
DPSU_103623,AQL10,1,,11,AQL10,NONE,SP_AQL,T,F,F,F,I,1,0,,0,0,,0,,,,0
DPSU_103676,AQL01,1,,1,AQL01,NONE,SP_AQL,T,F,F,F,I,1,0,,0,0,,0,,,,0
DPSU_103676,AQL02,1,,2,AQL02,NONE,SP_AQL,T,F,F,F,I,1,0,,0,0,,0,,,,0
DPSU_103676,AQL07,1,,3,AQL07,NONE,SP_AQL,T,F,F,F,I,1,0,,0,0,,0,,,,0
DPSU_103676,AQL11,1,,4,AQL11,NONE,SP_AQL,T,F,F,F,I,1,0,,0,0,,0,,,,0
DPSU_103676,AQL03,1,,5,AQL03,NONE,SP_AQL,T,F,F,F,I,1,0,,0,0,,0,,,,0
DPSU_103676,AQL04,1,,6,AQL04,NONE,SP_AQL,T,F,F,F,I,1,0,,0,0,,0,,,,0
DPSU_103676,AQL05,1,,7,AQL05,NONE,SP_AQL,T,F,F,F,I,1,0,,0,0,,0,,,,0
DPSU_103676,AQL06,1,,8,AQL06,NONE,SP_AQL,T,F,F,F,I,1,0,,0,0,,0,,,,0
DPSU_103676,AQL08,1,,9,AQL08,NONE,SP_AQL,T,F,F,F,I,1,0,,0,0,,0,,,,0
DPSU_103676,AQL09,1,,10,AQL09,NONE,SP_AQL,T,F,F,F,I,1,0,,0,0,,0,,,,0
DPSU_103676,AQL10,1,,11,AQL10,NONE,SP_AQL,T,F,F,F,I,1,0,,0,0,,0,,,,0
DPSU_103765,AQL01,1,,1,AQL01,NONE,SP_AQL,T,F,F,F,I,1,0,,0,0,,0,,,,0
DPSU_103765,AQL02,1,,2,AQL02,NONE,SP_AQL,T,F,F,F,I,1,0,,0,0,,0,,,,0
DPSU_103765,AQL07,1,,3,AQL07,NONE,SP_AQL,T,F,F,F,I,1,0,,0,0,,0,,,,0
DPSU_103765,AQL11,1,,4,AQL11,NONE,SP_AQL,T,F,F,F,I,1,0,,0,0,,0,,,,0
DPSU_103765,AQL03,1,,5,AQL03,NONE,SP_AQL,T,F,F,F,I,1,0,,0,0,,0,,,,0
DPSU_103765,AQL04,1,,6,AQL04,NONE,SP_AQL,T,F,F,F,I,1,0,,0,0,,0,,,,0
DPSU_103765,AQL05,1,,7,AQL05,NONE,SP_AQL,T,F,F,F,I,1,0,,0,0,,0,,,,0
DPSU_103678_M,AQL03,1,,2,AQL03,NONE,SP_AQL,T,F,F,F,I,1,0,,0,0,,0,,,,0
DPSU_ML_103321208,TENSILE_TEST,1,Tensile test of metallic material,1,DPSU_103321208,NONE,SP_FIXED,T,F,F,F,U,1,0,,0,0,,0,,,,0
DPOB_SUSP_01,RETAIN_GC_SE458483,1,,8,NONE,NONE,SP_FIXED,T,F,T,F,U,1,0,,0,0,,0,,,,0
DPOB_SUSP_01,ANALYSIS_GC_SE458483,1,,7,NONE,NONE,SP_FIXED,T,F,F,F,U,1,0,,0,0,,0,,,,0
DPBL_AQL01,AQL03,1,,3,AQL03,PACKAGING,SP_AQL,T,F,F,F,I,1,0,,0,0,,0,,,,0
DPBL_AQL01,AQL01,1,,1,AQL01,PACKAGING,SP_AQL,T,F,F,F,I,1,0,,0,0,,0,,,,0
DPBL_AQL01,AQL02,1,,2,AQL02,PACKAGING,SP_AQL,T,F,F,F,I,1,0,,0,0,,0,,,,0
DPBL_AQL01,AQL04,1,,4,AQL04,PACKAGING,SP_AQL,T,F,F,F,I,1,0,,0,0,,0,,,,0
DPBL_AQL01,AQL05,1,,5,AQL05,PACKAGING,SP_AQL,T,F,F,F,I,1,0,,0,0,,0,,,,0
DPBL_AQL01,AQL06,1,,6,AQL06,PACKAGING,SP_AQL,T,F,F,F,I,1,0,,0,0,,0,,,,0
DPBL_AQL01,AQL07,1,,7,AQL07,PACKAGING,SP_AQL,T,F,F,F,I,1,0,,0,0,,0,,,,0
DPBL_AQL01,AQL08,1,,8,AQL08,PACKAGING,SP_AQL,T,F,F,F,I,1,0,,0,0,,0,,,,0
DPBL_AQL01,AQL09,1,,9,AQL09,PACKAGING,SP_AQL,T,F,F,F,I,1,0,,0,0,,0,,,,0
DPBL_AQL01,AQL10,1,,10,AQL10,PACKAGING,SP_AQL,T,F,F,F,I,1,0,,0,0,,0,,,,0
DPBL_AQL01,AQL11,1,,11,AQL11,PACKAGING,SP_AQL,T,F,F,F,I,1,0,,0,0,,0,,,,0
DPBL_AQL01,AQL12,1,,12,AQL12,PACKAGING,SP_AQL,T,F,F,F,I,1,0,,0,0,,0,,,,0
DPBL_AQL01,AQL13,1,,13,AQL13,PACKAGING,SP_AQL,T,F,F,F,I,1,0,,0,0,,0,,,,0
DPBL_AQL01,AQL14,1,,14,AQL14,PACKAGING,SP_AQL,T,F,F,F,I,1,0,,0,0,,0,,,,0
DPBL_AQL01,AQL15,1,,15,AQL15,PACKAGING,SP_AQL,T,F,F,F,I,1,0,,0,0,,0,,,,0
DPBL_AQL01,AQL16,1,,16,AQL16,PACKAGING,SP_AQL,T,F,F,F,I,1,0,,0,0,,0,,,,0
DPSU_103765,AQL06,1,,8,AQL06,NONE,SP_AQL,T,F,F,F,I,1,0,,0,0,,0,,,,0
DPSU_103765,AQL08,1,,9,AQL08,NONE,SP_AQL,T,F,F,F,I,1,0,,0,0,,0,,,,0
DPSU_103765,AQL09,1,,10,AQL09,NONE,SP_AQL,T,F,F,F,I,1,0,,0,0,,0,,,,0
DPSU_103765,AQL10,1,,11,AQL10,NONE,SP_AQL,T,F,F,F,I,1,0,,0,0,,0,,,,0
DPSU_103624,AQL01,1,,1,AQL01,NONE,SP_AQL,T,F,F,F,I,1,0,,0,0,,0,,,,0
DPSU_103624,AQL02,1,,2,AQL02,NONE,SP_AQL,T,F,F,F,I,1,0,,0,0,,0,,,,0
DPSU_103624,AQL07,1,,3,AQL07,NONE,SP_AQL,T,F,F,F,I,1,0,,0,0,,0,,,,0
DPSU_103624,AQL11,1,,4,AQL11,NONE,SP_AQL,T,F,F,F,I,1,0,,0,0,,0,,,,0
DPSU_103624,AQL03,1,,5,AQL03,NONE,SP_AQL,T,F,F,F,I,1,0,,0,0,,0,,,,0
DPSU_103624,AQL04,1,,6,AQL04,NONE,SP_AQL,T,F,F,F,I,1,0,,0,0,,0,,,,0
DPSU_103624,AQL05,1,,7,AQL05,NONE,SP_AQL,T,F,F,F,I,1,0,,0,0,,0,,,,0
DPSU_103624,AQL06,1,,8,AQL06,NONE,SP_AQL,T,F,F,F,I,1,0,,0,0,,0,,,,0
DPSU_103624,AQL08,1,,9,AQL08,NONE,SP_AQL,T,F,F,F,I,1,0,,0,0,,0,,,,0
DPSU_103624,AQL09,1,,10,AQL09,NONE,SP_AQL,T,F,F,F,I,1,0,,0,0,,0,,,,0
DPSU_103624,AQL10,1,,11,AQL10,NONE,SP_AQL,T,F,F,F,I,1,0,,0,0,,0,,,,0
DPSU_103766,AQL01,1,,1,AQL01,NONE,SP_AQL,T,F,F,F,I,1,0,,0,0,,0,,,,0
DPSU_103766,AQL02,1,,2,AQL02,NONE,SP_AQL,T,F,F,F,I,1,0,,0,0,,0,,,,0
DPSU_103766,AQL07,1,,3,AQL07,NONE,SP_AQL,T,F,F,F,I,1,0,,0,0,,0,,,,0
DPSU_103766,AQL11,1,,4,AQL11,NONE,SP_AQL,T,F,F,F,I,1,0,,0,0,,0,,,,0
DPSU_103766,AQL03,1,,5,AQL03,NONE,SP_AQL,T,F,F,F,I,1,0,,0,0,,0,,,,0
DPSU_103766,AQL04,1,,6,AQL04,NONE,SP_AQL,T,F,F,F,I,1,0,,0,0,,0,,,,0
DPSU_103766,AQL05,1,,7,AQL05,NONE,SP_AQL,T,F,F,F,I,1,0,,0,0,,0,,,,0
DPSU_103766,AQL06,1,,8,AQL06,NONE,SP_AQL,T,F,F,F,I,1,0,,0,0,,0,,,,0
DPSU_103766,AQL08,1,,9,AQL08,NONE,SP_AQL,T,F,F,F,I,1,0,,0,0,,0,,,,0
DPSU_103766,AQL09,1,,10,AQL09,NONE,SP_AQL,T,F,F,F,I,1,0,,0,0,,0,,,,0
DPSU_103766,AQL10,1,,11,AQL10,NONE,SP_AQL,T,F,F,F,I,1,0,,0,0,,0,,,,0
DPSU_102794,AQL01,1,,1,AQL01,NONE,SP_AQL,T,F,F,F,I,1,0,,0,0,,0,,,,0
DPSU_102794,AQL02,1,,2,AQL02,NONE,SP_AQL,T,F,F,F,I,1,0,,0,0,,0,,,,0
DPSU_102794,AQL07,1,,3,AQL07,NONE,SP_AQL,T,F,F,F,I,1,0,,0,0,,0,,,,0
DPSU_102794,AQL11,1,,4,AQL11,NONE,SP_AQL,T,F,F,F,I,1,0,,0,0,,0,,,,0
DPSU_102794,AQL03,1,,5,AQL03,NONE,SP_AQL,T,F,F,F,I,1,0,,0,0,,0,,,,0
DPSU_102794,AQL04,1,,6,AQL04,NONE,SP_AQL,T,F,F,F,I,1,0,,0,0,,0,,,,0
DPSU_102794,AQL05,1,,7,AQL05,NONE,SP_AQL,T,F,F,F,I,1,0,,0,0,,0,,,,0
DPSU_102794,AQL06,1,,8,AQL06,NONE,SP_AQL,T,F,F,F,I,1,0,,0,0,,0,,,,0
DPSU_102794,AQL08,1,,9,AQL08,NONE,SP_AQL,T,F,F,F,I,1,0,,0,0,,0,,,,0
DPSU_102794,AQL09,1,,10,AQL09,NONE,SP_AQL,T,F,F,F,I,1,0,,0,0,,0,,,,0
DPSU_102794,AQL10,1,,11,AQL10,NONE,SP_AQL,T,F,F,F,I,1,0,,0,0,,0,,,,0
DPSU_102396,AQL01,1,,1,AQL01,NONE,SP_AQL,T,F,F,F,I,1,0,,0,0,,0,,,,0
DPSU_102396,AQL02,1,,2,AQL02,NONE,SP_AQL,T,F,F,F,I,1,0,,0,0,,0,,,,0
DPSU_102396,AQL07,1,,3,AQL07,NONE,SP_AQL,T,F,F,F,I,1,0,,0,0,,0,,,,0
DPSU_102396,AQL11,1,,4,AQL11,NONE,SP_AQL,T,F,F,F,I,1,0,,0,0,,0,,,,0
DPSU_102396,AQL03,1,,5,AQL03,NONE,SP_AQL,T,F,F,F,I,1,0,,0,0,,0,,,,0
DPSU_102396,AQL04,1,,6,AQL04,NONE,SP_AQL,T,F,F,F,I,1,0,,0,0,,0,,,,0
DPSU_102396,AQL05,1,,7,AQL05,NONE,SP_AQL,T,F,F,F,I,1,0,,0,0,,0,,,,0
DPSU_102396,AQL06,1,,8,AQL06,NONE,SP_AQL,T,F,F,F,I,1,0,,0,0,,0,,,,0
DPSU_102396,AQL08,1,,9,AQL08,NONE,SP_AQL,T,F,F,F,I,1,0,,0,0,,0,,,,0
DPSU_102396,AQL09,1,,10,AQL09,NONE,SP_AQL,T,F,F,F,I,1,0,,0,0,,0,,,,0
DPSU_102396,AQL10,1,,11,AQL10,NONE,SP_AQL,T,F,F,F,I,1,0,,0,0,,0,,,,0
DPSU_104461,AQL01,1,,1,AQL01,NONE,SP_AQL,T,F,F,F,I,1,0,,0,0,,0,,,,0
DPSU_104461,AQL02,1,,2,AQL02,NONE,SP_AQL,T,F,F,F,I,1,0,,0,0,,0,,,,0
DPSU_104461,AQL07,1,,3,AQL07,NONE,SP_AQL,T,F,F,F,I,1,0,,0,0,,0,,,,0
DPSU_104461,AQL11,1,,4,AQL11,NONE,SP_AQL,T,F,F,F,I,1,0,,0,0,,0,,,,0
DPSU_104461,AQL03,1,,5,AQL03,NONE,SP_AQL,T,F,F,F,I,1,0,,0,0,,0,,,,0
DPSU_104461,AQL04,1,,6,AQL04,NONE,SP_AQL,T,F,F,F,I,1,0,,0,0,,0,,,,0
DPSU_104461,AQL05,1,,7,AQL05,NONE,SP_AQL,T,F,F,F,I,1,0,,0,0,,0,,,,0
DPSU_104461,AQL06,1,,8,AQL06,NONE,SP_AQL,T,F,F,F,I,1,0,,0,0,,0,,,,0
DPSU_104461,AQL08,1,,9,AQL08,NONE,SP_AQL,T,F,F,F,I,1,0,,0,0,,0,,,,0
DPSU_104461,AQL09,1,,10,AQL09,NONE,SP_AQL,T,F,F,F,I,1,0,,0,0,,0,,,,0
DPSU_104461,AQL10,1,,11,AQL10,NONE,SP_AQL,T,F,F,F,I,1,0,,0,0,,0,,,,0
DPSU_103313777,AQL01,1,,1,AQL01,NONE,SP_AQL,T,F,F,F,I,1,0,,0,0,,0,,,,0
DPSU_103313777,AQL02,1,,2,AQL02,NONE,SP_AQL,T,F,F,F,I,1,0,,0,0,,0,,,,0
DPSU_103313777,AQL07,1,,3,AQL07,NONE,SP_AQL,T,F,F,F,I,1,0,,0,0,,0,,,,0
DPSU_103313777,AQL11,1,,4,AQL11,NONE,SP_AQL,T,F,F,F,I,1,0,,0,0,,0,,,,0
DPSU_103313777,AQL03,1,,5,AQL03,NONE,SP_AQL,T,F,F,F,I,1,0,,0,0,,0,,,,0
DPSU_103313777,AQL04,1,,6,AQL04,NONE,SP_AQL,T,F,F,F,I,1,0,,0,0,,0,,,,0
DPSU_103313777,AQL05,1,,7,AQL05,NONE,SP_AQL,T,F,F,F,I,1,0,,0,0,,0,,,,0
DPSU_103313777,AQL06,1,,8,AQL06,NONE,SP_AQL,T,F,F,F,I,1,0,,0,0,,0,,,,0
DPSU_103313777,AQL08,1,,9,AQL08,NONE,SP_AQL,T,F,F,F,I,1,0,,0,0,,0,,,,0
DPSU_103313777,AQL09,1,,10,AQL09,NONE,SP_AQL,T,F,F,F,I,1,0,,0,0,,0,,,,0
_DPSU_STERILITY,GAMMA,1,Gamma,8,INCUBATION_3_READ,GAMMA,SP_FIXED,T,F,F,F,U,10,0,,0,0,,0,,,,0
_DPSU_STERILITY,EO_DECON,1,EO Decontamination,1,DECONTAMINATION,EO,SP_FIXED,T,F,F,F,U,1,0,,0,0,,0,,,,0
_DPSU_STERILITY,EO,1,EO,4,INCUBATION_3_READ,EO,SP_FIXED,T,F,F,F,U,7,0,,0,0,,0,,,,0
_DPSU_STERILITY,GAMMA_DECON,1,Gamma Decontamination,5,DECONTAMINATION,GAMMA,SP_FIXED,T,F,F,F,U,1,0,,0,0,,0,,,,0
_DPSU_STERILITY,EO_TEMP_READ,1,EO Temperature Incubation Read,3,INCUBATION_2_TEMP,EO,SP_FIXED,T,F,F,F,U,1,0,,0,0,,0,,,,0
_DPSU_STERILITY,EO_TEMP_START,1,EO Temperature Incubation Start,2,INCUBATION_1_START,EO,SP_FIXED,T,F,F,F,U,1,0,,0,0,,0,,,,0
_DPSU_STERILITY,GAMMA_TEMP_READ,1,Gamma Temperature Incubation Read,7,INCUBATION_2_TEMP,GAMMA,SP_FIXED,T,F,F,F,U,1,0,,0,0,,0,,,,0
_DPSU_STERILITY,GAMMA_TEMP_START,1,Gamma Temperature Incubation Start,6,INCUBATION_1_START,GAMMA,SP_FIXED,T,F,F,F,U,1,0,,0,0,,0,,,,0
DPOB_COMMONGRADETEST,317,1,,1,EXTERNAL,NONE,SP_FIXED,T,F,F,F,U,3,0,,0,0,,0,,,,0
DPOB_COMMONGRADETEST,225439,1,,2,INTERNAL,NONE,SP_FIXED,T,F,F,F,U,1,0,,0,0,,0,,,,0
DPOB_COMMONGRADETEST,059,1,,3,DPOB_PH-059,NONE,SP_FIXED,T,F,F,F,U,1,0,,0,0,,0,,,,0
DPOB_COMMONGRADETEST,1090,1,,4,DPOB_PH-1090,NONE,SP_FIXED,T,F,F,F,U,1,0,,0,0,,0,,,,0
DPOB_COMMONGRADETEST,458483,1,,5,DPOB_SE_458483,NONE,SP_FIXED,T,F,F,F,U,3,0,,0,0,,0,,,,0
_ROSE_UAT_LIQ_MATCH,MECH,4,,5,DPBL_MECHANICAL_1,CONSTITUTED_CEMENT,SP_FIXED,T,F,F,F,U,1,0,,0,0,,0,,,,0
_ROSE_UAT_LIQ_MATCH,INDIV,5,,1,DPBL_INSPECTION_1,CONSTITUTED_CEMENT,SP_FIXED,T,F,F,F,U,1,0,,0,0,,0,,,,0
_ROSE_UAT_LIQ_MATCH,SUMM,5,,2,SUMMARY,CONSTITUTED_CEMENT,SP_FIXED,T,F,F,F,U,1,0,,0,0,,0,,,,0
_ROSE_UAT_LIQ_MATCH,POWD,5,,3,DPBL_CHEMISTRY_1,POWDER,SP_FIXED,T,F,F,F,U,1,0,,0,0,,0,,,,0
_ROSE_UAT_LIQ_MATCH,VISUAL,5,,4,DPBL_INSPECTION_1,PACKAGING,SP_FIXED,T,F,F,F,U,1,0,,0,0,,0,,,,0
_ROSE_UAT_LIQ_MATCH,MECH,5,,5,DPBL_MECHANICAL_1,CONSTITUTED_CEMENT,SP_FIXED,T,F,F,F,U,1,0,,0,0,,0,,,,0
DPOB_ETNPRO_PCKG_01,ANALYSIS,1,Analysis sample for internal analysis,1,NONE,NONE,SP_FIXED,T,F,F,F,I,1,0,,0,0,SP_FIXED,0,DPOB_LABELPRINTER_BYSARAH,DPOB_SAMPLE,,6
_DPSU_EXAMPLE_A,MICRO,1,Microbiology,1,NONE,MICRO,SP_ALL,T,F,F,F,I,0,,,0,0,,0,,,,0
_DPSU_EXAMPLE_B,1,1,Identity Sample,1,ID,NONE,SP_QUAN,T,F,F,F,,0,0,,0,0,,0,DIS,,,0
DPOB_SUSPENSION,526270,1,,5,CHEM6,NONE,SP_FIXED,T,F,F,F,I,1,2,,0,0,,0,DPOB_LABELPRINTER_ANALAB,DPOB_SAMPLE,,2
DPOB_SUSPENSION_INT,526270,1,,5,CHEM6,NONE,SP_FIXED,T,F,F,F,I,1,2,,0,0,,0,DPOB_LABELPRINTER_ANALAB,DPOB_SAMPLE,,2
DPSU_103313777,AQL10,1,,11,AQL10,NONE,SP_AQL,T,F,F,F,I,1,0,,0,0,,0,,,,0
DPSU_102400,AQL01,1,,1,AQL01,NONE,SP_AQL,T,F,F,F,I,1,0,,0,0,,0,,,,0
DPSU_102400,AQL02,1,,2,AQL02,NONE,SP_AQL,T,F,F,F,I,1,0,,0,0,,0,,,,0
DPSU_102400,AQL07,1,,3,AQL07,NONE,SP_AQL,T,F,F,F,I,1,0,,0,0,,0,,,,0
DPSU_102400,AQL11,1,,4,AQL11,NONE,SP_AQL,T,F,F,F,I,1,0,,0,0,,0,,,,0
DPSU_102400,AQL03,1,,5,AQL03,NONE,SP_AQL,T,F,F,F,I,1,0,,0,0,,0,,,,0
DPSU_102400,AQL04,1,,6,AQL04,NONE,SP_AQL,T,F,F,F,I,1,0,,0,0,,0,,,,0
DPSU_102400,AQL05,1,,7,AQL05,NONE,SP_AQL,T,F,F,F,I,1,0,,0,0,,0,,,,0
DPSU_102400,AQL06,1,,8,AQL06,NONE,SP_AQL,T,F,F,F,I,1,0,,0,0,,0,,,,0
DPSU_102400,AQL08,1,,9,AQL08,NONE,SP_AQL,T,F,F,F,I,1,0,,0,0,,0,,,,0
DPSU_102400,AQL09,1,,10,AQL09,NONE,SP_AQL,T,F,F,F,I,1,0,,0,0,,0,,,,0
DPSU_102400,AQL10,1,,11,AQL10,NONE,SP_AQL,T,F,F,F,I,1,0,,0,0,,0,,,,0
DPSU_103003,AQL01,1,,1,AQL01,NONE,SP_AQL,T,F,F,F,I,1,0,,0,0,,0,,,,0
DPSU_103003,AQL02,1,,2,AQL02,NONE,SP_AQL,T,F,F,F,I,1,0,,0,0,,0,,,,0
DPSU_103003,AQL07,1,,3,AQL07,NONE,SP_AQL,T,F,F,F,I,1,0,,0,0,,0,,,,0
DPSU_103003,AQL11,1,,4,AQL11,NONE,SP_AQL,T,F,F,F,I,1,0,,0,0,,0,,,,0
DPSU_103003,AQL03,1,,5,AQL03,NONE,SP_AQL,T,F,F,F,I,1,0,,0,0,,0,,,,0
DPSU_103003,AQL04,1,,6,AQL04,NONE,SP_AQL,T,F,F,F,I,1,0,,0,0,,0,,,,0
DPSU_103003,AQL05,1,,7,AQL05,NONE,SP_AQL,T,F,F,F,I,1,0,,0,0,,0,,,,0
DPSU_103003,AQL06,1,,8,AQL06,NONE,SP_AQL,T,F,F,F,I,1,0,,0,0,,0,,,,0
DPSU_103003,AQL08,1,,9,AQL08,NONE,SP_AQL,T,F,F,F,I,1,0,,0,0,,0,,,,0
DPSU_103003,AQL09,1,,10,AQL09,NONE,SP_AQL,T,F,F,F,I,1,0,,0,0,,0,,,,0
DPSU_103003,AQL10,1,,11,AQL10,NONE,SP_AQL,T,F,F,F,I,1,0,,0,0,,0,,,,0
DPSU_103499,AQL01,1,,1,AQL01,NONE,SP_AQL,T,F,F,F,I,1,0,,0,0,,0,,,,0
DPSU_103499,AQL02,1,,2,AQL02,NONE,SP_AQL,T,F,F,F,I,1,0,,0,0,,0,,,,0
DPSU_103499,AQL07,1,,3,AQL07,NONE,SP_AQL,T,F,F,F,I,1,0,,0,0,,0,,,,0
DPSU_103499,AQL11,1,,4,AQL11,NONE,SP_AQL,T,F,F,F,I,1,0,,0,0,,0,,,,0
DPSU_103499,AQL03,1,,5,AQL03,NONE,SP_AQL,T,F,F,F,I,1,0,,0,0,,0,,,,0
DPSU_103499,AQL04,1,,6,AQL04,NONE,SP_AQL,T,F,F,F,I,1,0,,0,0,,0,,,,0
DPSU_103499,AQL05,1,,7,AQL05,NONE,SP_AQL,T,F,F,F,I,1,0,,0,0,,0,,,,0
DPSU_103499,AQL06,1,,8,AQL06,NONE,SP_AQL,T,F,F,F,I,1,0,,0,0,,0,,,,0
DPSU_103499,AQL08,1,,9,AQL08,NONE,SP_AQL,T,F,F,F,I,1,0,,0,0,,0,,,,0
DPSU_103499,AQL09,1,,10,AQL09,NONE,SP_AQL,T,F,F,F,I,1,0,,0,0,,0,,,,0
DPSU_103499,AQL10,1,,11,AQL10,NONE,SP_AQL,T,F,F,F,I,1,0,,0,0,,0,,,,0
DPSU_103677,AQL01,1,,1,AQL01,NONE,SP_AQL,T,F,F,F,I,1,0,,0,0,,0,,,,0
DPSU_103677,AQL02,1,,2,AQL02,NONE,SP_AQL,T,F,F,F,I,1,0,,0,0,,0,,,,0
DPSU_103677,AQL07,1,,3,AQL07,NONE,SP_AQL,T,F,F,F,I,1,0,,0,0,,0,,,,0
DPSU_103677,AQL11,1,,4,AQL11,NONE,SP_AQL,T,F,F,F,I,1,0,,0,0,,0,,,,0
DPSU_103677,AQL03,1,,5,AQL03,NONE,SP_AQL,T,F,F,F,I,1,0,,0,0,,0,,,,0
DPSU_103677,AQL04,1,,6,AQL04,NONE,SP_AQL,T,F,F,F,I,1,0,,0,0,,0,,,,0
DPSU_103677,AQL05,1,,7,AQL05,NONE,SP_AQL,T,F,F,F,I,1,0,,0,0,,0,,,,0
DPSU_103677,AQL06,1,,8,AQL06,NONE,SP_AQL,T,F,F,F,I,1,0,,0,0,,0,,,,0
DPSU_103677,AQL08,1,,9,AQL08,NONE,SP_AQL,T,F,F,F,I,1,0,,0,0,,0,,,,0
DPSU_103677,AQL09,1,,10,AQL09,NONE,SP_AQL,T,F,F,F,I,1,0,,0,0,,0,,,,0
DPSU_103677,AQL10,1,,11,AQL10,NONE,SP_AQL,T,F,F,F,I,1,0,,0,0,,0,,,,0
DPSU_104398,AQL01,1,,1,AQL01,NONE,SP_AQL,T,F,F,F,I,1,0,,0,0,,0,,,,0
DPSU_104398,AQL02,1,,2,AQL02,NONE,SP_AQL,T,F,F,F,I,1,0,,0,0,,0,,,,0
DPSU_104398,AQL07,1,,3,AQL07,NONE,SP_AQL,T,F,F,F,I,1,0,,0,0,,0,,,,0
DPSU_104398,AQL11,1,,4,AQL11,NONE,SP_AQL,T,F,F,F,I,1,0,,0,0,,0,,,,0
DPSU_104398,AQL03,1,,5,AQL03,NONE,SP_AQL,T,F,F,F,I,1,0,,0,0,,0,,,,0
DPSU_104398,AQL04,1,,6,AQL04,NONE,SP_AQL,T,F,F,F,I,1,0,,0,0,,0,,,,0
DPSU_104398,AQL05,1,,7,AQL05,NONE,SP_AQL,T,F,F,F,I,1,0,,0,0,,0,,,,0
DPSU_104398,AQL06,1,,8,AQL06,NONE,SP_AQL,T,F,F,F,I,1,0,,0,0,,0,,,,0
DPSU_104398,AQL08,1,,9,AQL08,NONE,SP_AQL,T,F,F,F,I,1,0,,0,0,,0,,,,0
DPSU_104398,AQL09,1,,10,AQL09,NONE,SP_AQL,T,F,F,F,I,1,0,,0,0,,0,,,,0
_TEST,NEW,1,Test Sample Plan,1,NONE,NONE,SP_FIXED,T,F,F,F,I,1,0,,0,0,,0,,,,0
DPBL_POWDER_BLENDS,T150/T67/T229,1,,2,SUMMARY,CONSTITUTED_CEMENT,SP_FIXED,T,F,F,F,U,1,0,,0,0,,0,DPBL_MILL_AND_BLEND,DPBL_SAMPLE,,1
_ROSE_UAT_LIQ_MATCH,1,2,,2,SUMMARY,CONSTITUTED_CEMENT,SP_FIXED,T,F,F,F,U,1,0,,0,0,,0,,,,0
_ROSE_UAT_LIQ_MATCH,2,2,,1,DPBL_INSPECTION_1,CONSTITUTED_CEMENT,SP_FIXED,T,F,F,F,U,1,0,,0,0,,0,,,,0
_ROSE_UAT_LIQ_MATCH,3,2,,3,DPBL_CHEMISTRY_1,POWDER,SP_FIXED,T,F,F,F,U,1,0,,0,0,,0,,,,0
_ROSE_UAT_LIQ_MATCH,4,2,,4,DPBL_INSPECTION_1,PACKAGING,SP_FIXED,T,F,F,F,U,1,0,,0,0,,0,,,,0
_ROSE_UAT_LIQ_MATCH,2,3,,1,DPBL_INSPECTION_1,CONSTITUTED_CEMENT,SP_FIXED,T,F,F,F,U,1,0,,0,0,,0,,,,0
_ROSE_UAT_LIQ_MATCH,1,3,,2,SUMMARY,CONSTITUTED_CEMENT,SP_FIXED,T,F,F,F,U,1,0,,0,0,,0,,,,0
_ROSE_UAT_LIQ_MATCH,3,3,,3,DPBL_CHEMISTRY_1,POWDER,SP_FIXED,T,F,F,F,U,1,0,,0,0,,0,,,,0
_ROSE_UAT_LIQ_MATCH,4,3,,4,DPBL_INSPECTION,PACKAGING,SP_FIXED,T,F,F,F,U,1,0,,0,0,,0,,,,0
DPBL_POWDER_BLENDS,BURN OFF,1,,1,CHEMISTRY_1,POWDER,SP_FIXED,T,F,F,F,U,1,0,,0,0,,0,DPBL_MILL_AND_BLEND,DPBL_SAMPLE,,1
_ROSE_OQ_SP1,AQL13,1,,13,AQL13,NONE,SP_AQL,T,F,F,F,I,1,0,,0,0,SP_FIXED,0,,,,0
_ROSE_OQ_SP1,AQL14,1,,14,AQL14,NONE,SP_AQL,T,F,F,F,I,1,0,,0,0,SP_FIXED,0,,,,0
_ROSE_OQ_SP1,AQL15,1,,15,AQL15,NONE,SP_AQL,T,F,F,F,I,1,0,,0,0,SP_FIXED,0,,,,0
_ROSE_OQ_SP1,AQL16,1,,16,AQL16,NONE,SP_AQL,T,F,F,F,I,1,0,,0,0,SP_FIXED,0,,,,0
DPSU_102103,AQL01,1,,1,AQL01,NONE,SP_AQL,T,F,F,F,I,1,0,,0,0,,0,,,,0
DPSU_102103,AQL02,1,,2,AQL02,NONE,SP_AQL,T,F,F,F,I,1,0,,0,0,,0,,,,0
DPSU_102103,AQL07,1,,3,AQL07,NONE,SP_AQL,T,F,F,F,I,1,0,,0,0,,0,,,,0
DPSU_102103,AQL11,1,,4,AQL11,NONE,SP_AQL,T,F,F,F,I,1,0,,0,0,,0,,,,0
DPSU_102103,AQL03,1,,5,AQL03,NONE,SP_AQL,T,F,F,F,I,1,0,,0,0,,0,,,,0
DPSU_102103,AQL04,1,,6,AQL04,NONE,SP_AQL,T,F,F,F,I,1,0,,0,0,,0,,,,0
DPSU_102103,AQL05,1,,7,AQL05,NONE,SP_AQL,T,F,F,F,I,1,0,,0,0,,0,,,,0
DPSU_102103,AQL06,1,,8,AQL06,NONE,SP_AQL,T,F,F,F,I,1,0,,0,0,,0,,,,0
DPSU_102103,AQL08,1,,9,AQL08,NONE,SP_AQL,T,F,F,F,I,1,0,,0,0,,0,,,,0
DPSU_102103,AQL09,1,,10,AQL09,NONE,SP_AQL,T,F,F,F,I,1,0,,0,0,,0,,,,0
DPSU_102103,AQL10,1,,11,AQL10,NONE,SP_AQL,T,F,F,F,I,1,0,,0,0,,0,,,,0
DPSU_102200,AQL01,1,,1,AQL01,NONE,SP_AQL,T,F,F,F,I,1,0,,0,0,,0,,,,0
DPSU_102200,AQL02,1,,2,AQL02,NONE,SP_AQL,T,F,F,F,I,1,0,,0,0,,0,,,,0
DPSU_102200,AQL07,1,,3,AQL07,NONE,SP_AQL,T,F,F,F,I,1,0,,0,0,,0,,,,0
DPSU_102200,AQL11,1,,4,AQL11,NONE,SP_AQL,T,F,F,F,I,1,0,,0,0,,0,,,,0
DPSU_102200,AQL03,1,,5,AQL03,NONE,SP_AQL,T,F,F,F,I,1,0,,0,0,,0,,,,0
DPSU_102200,AQL04,1,,6,AQL04,NONE,SP_AQL,T,F,F,F,I,1,0,,0,0,,0,,,,0
DPSU_102200,AQL05,1,,7,AQL05,NONE,SP_AQL,T,F,F,F,I,1,0,,0,0,,0,,,,0
DPSU_102200,AQL06,1,,8,AQL06,NONE,SP_AQL,T,F,F,F,I,1,0,,0,0,,0,,,,0
DPSU_102200,AQL08,1,,9,AQL08,NONE,SP_AQL,T,F,F,F,I,1,0,,0,0,,0,,,,0
DPSU_102200,AQL09,1,,10,AQL09,NONE,SP_AQL,T,F,F,F,I,1,0,,0,0,,0,,,,0
DPSU_102200,AQL10,1,,11,AQL10,NONE,SP_AQL,T,F,F,F,I,1,0,,0,0,,0,,,,0
DPSU_102199,AQL01,1,,1,AQL01,NONE,SP_AQL,T,F,F,F,I,1,0,,0,0,,0,,,,0
DPSU_102199,AQL02,1,,2,AQL02,NONE,SP_AQL,T,F,F,F,I,1,0,,0,0,,0,,,,0
DPSU_102199,AQL07,1,,3,AQL07,NONE,SP_AQL,T,F,F,F,I,1,0,,0,0,,0,,,,0
DPSU_102199,AQL11,1,,4,AQL11,NONE,SP_AQL,T,F,F,F,I,1,0,,0,0,,0,,,,0
DPSU_102199,AQL03,1,,5,AQL03,NONE,SP_AQL,T,F,F,F,I,1,0,,0,0,,0,,,,0
DPSU_102199,AQL04,1,,6,AQL04,NONE,SP_AQL,T,F,F,F,I,1,0,,0,0,,0,,,,0
DPSU_102199,AQL05,1,,7,AQL05,NONE,SP_AQL,T,F,F,F,I,1,0,,0,0,,0,,,,0
DPSU_102199,AQL06,1,,8,AQL06,NONE,SP_AQL,T,F,F,F,I,1,0,,0,0,,0,,,,0
DPSU_102199,AQL08,1,,9,AQL08,NONE,SP_AQL,T,F,F,F,I,1,0,,0,0,,0,,,,0
DPSU_102199,AQL09,1,,10,AQL09,NONE,SP_AQL,T,F,F,F,I,1,0,,0,0,,0,,,,0
DPSU_102199,AQL10,1,,11,AQL10,NONE,SP_AQL,T,F,F,F,I,1,0,,0,0,,0,,,,0
DPSU_102203,AQL01,1,,1,AQL01,NONE,SP_AQL,T,F,F,F,I,1,0,,0,0,,0,,,,0
DPSU_102203,AQL02,1,,2,AQL02,NONE,SP_AQL,T,F,F,F,I,1,0,,0,0,,0,,,,0
DPSU_102203,AQL07,1,,3,AQL07,NONE,SP_AQL,T,F,F,F,I,1,0,,0,0,,0,,,,0
DPSU_102203,AQL11,1,,4,AQL11,NONE,SP_AQL,T,F,F,F,I,1,0,,0,0,,0,,,,0
DPSU_102203,AQL03,1,,5,AQL03,NONE,SP_AQL,T,F,F,F,I,1,0,,0,0,,0,,,,0
DPSU_102203,AQL04,1,,6,AQL04,NONE,SP_AQL,T,F,F,F,I,1,0,,0,0,,0,,,,0
DPSU_102203,AQL05,1,,7,AQL05,NONE,SP_AQL,T,F,F,F,I,1,0,,0,0,,0,,,,0
DPSU_102203,AQL06,1,,8,AQL06,NONE,SP_AQL,T,F,F,F,I,1,0,,0,0,,0,,,,0
DPSU_102203,AQL08,1,,9,AQL08,NONE,SP_AQL,T,F,F,F,I,1,0,,0,0,,0,,,,0
DPSU_102203,AQL09,1,,10,AQL09,NONE,SP_AQL,T,F,F,F,I,1,0,,0,0,,0,,,,0
DPSU_102203,AQL10,1,,11,AQL10,NONE,SP_AQL,T,F,F,F,I,1,0,,0,0,,0,,,,0
DPSU_102197,AQL01,1,,1,AQL01,NONE,SP_AQL,T,F,F,F,I,1,0,,0,0,,0,,,,0
DPSU_102197,AQL02,1,,2,AQL02,NONE,SP_AQL,T,F,F,F,I,1,0,,0,0,,0,,,,0
DPSU_102197,AQL07,1,,3,AQL07,NONE,SP_AQL,T,F,F,F,I,1,0,,0,0,,0,,,,0
DPSU_102197,AQL11,1,,4,AQL11,NONE,SP_AQL,T,F,F,F,I,1,0,,0,0,,0,,,,0
DPSU_102197,AQL03,1,,5,AQL03,NONE,SP_AQL,T,F,F,F,I,1,0,,0,0,,0,,,,0
DPSU_102197,AQL04,1,,6,AQL04,NONE,SP_AQL,T,F,F,F,I,1,0,,0,0,,0,,,,0
DPSU_102197,AQL05,1,,7,AQL05,NONE,SP_AQL,T,F,F,F,I,1,0,,0,0,,0,,,,0
DPSU_102197,AQL06,1,,8,AQL06,NONE,SP_AQL,T,F,F,F,I,1,0,,0,0,,0,,,,0
DPSU_102197,AQL08,1,,9,AQL08,NONE,SP_AQL,T,F,F,F,I,1,0,,0,0,,0,,,,0
DPSU_102197,AQL09,1,,10,AQL09,NONE,SP_AQL,T,F,F,F,I,1,0,,0,0,,0,,,,0
DPSU_102197,AQL10,1,,11,AQL10,NONE,SP_AQL,T,F,F,F,I,1,0,,0,0,,0,,,,0
DPSU_102198,AQL01,1,,1,AQL01,NONE,SP_AQL,T,F,F,F,I,1,0,,0,0,,0,,,,0
DPSU_102198,AQL02,1,,2,AQL02,NONE,SP_AQL,T,F,F,F,I,1,0,,0,0,,0,,,,0
DPSU_102198,AQL07,1,,3,AQL07,NONE,SP_AQL,T,F,F,F,I,1,0,,0,0,,0,,,,0
DPSU_102198,AQL11,1,,4,AQL11,NONE,SP_AQL,T,F,F,F,I,1,0,,0,0,,0,,,,0
DPSU_102198,AQL03,1,,5,AQL03,NONE,SP_AQL,T,F,F,F,I,1,0,,0,0,,0,,,,0
DPSU_102198,AQL04,1,,6,AQL04,NONE,SP_AQL,T,F,F,F,I,1,0,,0,0,,0,,,,0
DPSU_102198,AQL05,1,,7,AQL05,NONE,SP_AQL,T,F,F,F,I,1,0,,0,0,,0,,,,0
DPSU_102198,AQL06,1,,8,AQL06,NONE,SP_AQL,T,F,F,F,I,1,0,,0,0,,0,,,,0
DPSU_102198,AQL08,1,,9,AQL08,NONE,SP_AQL,T,F,F,F,I,1,0,,0,0,,0,,,,0
DPSU_102198,AQL09,1,,10,AQL09,NONE,SP_AQL,T,F,F,F,I,1,0,,0,0,,0,,,,0
DPSU_102198,AQL10,1,,11,AQL10,NONE,SP_AQL,T,F,F,F,I,1,0,,0,0,,0,,,,0
DPSU_102964,AQL01,1,,1,AQL01,NONE,SP_AQL,T,F,F,F,I,1,0,,0,0,,0,,,,0
DPSU_102964,AQL02,1,,2,AQL02,NONE,SP_AQL,T,F,F,F,I,1,0,,0,0,,0,,,,0
DPSU_102964,AQL07,1,,3,AQL07,NONE,SP_AQL,T,F,F,F,I,1,0,,0,0,,0,,,,0
DPSU_102964,AQL11,1,,4,AQL11,NONE,SP_AQL,T,F,F,F,I,1,0,,0,0,,0,,,,0
DPSU_102964,AQL03,1,,5,AQL03,NONE,SP_AQL,T,F,F,F,I,1,0,,0,0,,0,,,,0
DPSU_102964,AQL04,1,,6,AQL04,NONE,SP_AQL,T,F,F,F,I,1,0,,0,0,,0,,,,0
DPSU_102964,AQL05,1,,7,AQL05,NONE,SP_AQL,T,F,F,F,I,1,0,,0,0,,0,,,,0
_DPOB_SUSP_01,ANALYSIS_TSC,1,,1,DPOB_SE_225439,NONE,SP_FIXED,T,F,F,F,U,1,0,,0,0,,0,,,,0
_DPOB_SUSP_01,RETAIN_TSC,1,,2,DPOB_SE_225439,NONE,SP_FIXED,T,F,F,F,U,1,0,,0,0,,0,,,,0
_DPOB_SUSP_01,ANALYSIS_KF,1,,3,DPOB_PH-059,NONE,SP_FIXED,T,F,F,F,U,1,0,,0,0,,0,,,,0
_DPOB_SUSP_01,RETAIN_KF,1,,4,DPOB_PH-059,NONE,SP_FIXED,T,F,F,F,U,1,0,,0,0,,0,,,,0
_DPOB_SUSP_01,ANALYSIS_rel_sub,1,,5,DPOB_PH-1090,NONE,SP_FIXED,T,F,F,F,U,1,0,,0,0,,0,,,,0
_DPOB_SUSP_01,RETAIN_rel_sub,1,,6,DPOB_PH-1090,NONE,SP_FIXED,T,F,F,F,U,1,0,,0,0,,0,,,,0
_DPOB_SUSP_01,ANALYSIS_GC_SE458483,1,,7,DPOB_SE_458483,NONE,SP_FIXED,T,F,F,F,U,1,0,,0,0,,0,,,,0
_DPOB_SUSP_01,RETAIN_GC_SE458483,1,,8,DPOB_SE_458483,NONE,SP_FIXED,T,F,F,F,U,1,0,,0,0,,0,,,,0
_DPOB_SUSP_01,ANALYSIS_GC_PH-317,1,,9,DPOB_PH-317,NONE,SP_FIXED,T,F,F,F,U,3,0,,0,0,,0,,,,0
_DPOB_SUSP_01,RETAIN_GC_PH-317,1,,10,DPOB_PH-317,NONE,SP_FIXED,T,F,F,F,U,3,0,,0,0,,0,,,,0
DPSU_102964,AQL06,1,,8,AQL06,NONE,SP_AQL,T,F,F,F,I,1,0,,0,0,,0,,,,0
DPSU_102964,AQL08,1,,9,AQL08,NONE,SP_AQL,T,F,F,F,I,1,0,,0,0,,0,,,,0
DPSU_102964,AQL09,1,,10,AQL09,NONE,SP_AQL,T,F,F,F,I,1,0,,0,0,,0,,,,0
DPSU_102964,AQL10,1,,11,AQL10,NONE,SP_AQL,T,F,F,F,I,1,0,,0,0,,0,,,,0
DPSU_102963,AQL01,1,,1,AQL01,NONE,SP_AQL,T,F,F,F,I,1,0,,0,0,,0,,,,0
DPSU_102963,AQL02,1,,2,AQL02,NONE,SP_AQL,T,F,F,F,I,1,0,,0,0,,0,,,,0
DPSU_102963,AQL07,1,,3,AQL07,NONE,SP_AQL,T,F,F,F,I,1,0,,0,0,,0,,,,0
DPSU_102963,AQL11,1,,4,AQL11,NONE,SP_AQL,T,F,F,F,I,1,0,,0,0,,0,,,,0
DPSU_102963,AQL03,1,,5,AQL03,NONE,SP_AQL,T,F,F,F,I,1,0,,0,0,,0,,,,0
DPSU_102963,AQL04,1,,6,AQL04,NONE,SP_AQL,T,F,F,F,I,1,0,,0,0,,0,,,,0
DPSU_102963,AQL05,1,,7,AQL05,NONE,SP_AQL,T,F,F,F,I,1,0,,0,0,,0,,,,0
DPSU_102963,AQL06,1,,8,AQL06,NONE,SP_AQL,T,F,F,F,I,1,0,,0,0,,0,,,,0
DPSU_102963,AQL08,1,,9,AQL08,NONE,SP_AQL,T,F,F,F,I,1,0,,0,0,,0,,,,0
DPSU_102963,AQL09,1,,10,AQL09,NONE,SP_AQL,T,F,F,F,I,1,0,,0,0,,0,,,,0
DPSU_102963,AQL10,1,,11,AQL10,NONE,SP_AQL,T,F,F,F,I,1,0,,0,0,,0,,,,0
DPSU_104513,AQL01,1,,1,AQL01,NONE,SP_AQL,T,F,F,F,I,1,0,,0,0,,0,,,,0
DPSU_104513,AQL02,1,,2,AQL02,NONE,SP_AQL,T,F,F,F,I,1,0,,0,0,,0,,,,0
DPSU_104513,AQL07,1,,3,AQL07,NONE,SP_AQL,T,F,F,F,I,1,0,,0,0,,0,,,,0
DPSU_104513,AQL11,1,,4,AQL11,NONE,SP_AQL,T,F,F,F,I,1,0,,0,0,,0,,,,0
DPSU_104513,AQL03,1,,5,AQL03,NONE,SP_AQL,T,F,F,F,I,1,0,,0,0,,0,,,,0
DPSU_104513,AQL04,1,,6,AQL04,NONE,SP_AQL,T,F,F,F,I,1,0,,0,0,,0,,,,0
DPSU_104513,AQL05,1,,7,AQL05,NONE,SP_AQL,T,F,F,F,I,1,0,,0,0,,0,,,,0
DPSU_104513,AQL06,1,,8,AQL06,NONE,SP_AQL,T,F,F,F,I,1,0,,0,0,,0,,,,0
DPSU_104513,AQL08,1,,9,AQL08,NONE,SP_AQL,T,F,F,F,I,1,0,,0,0,,0,,,,0
DPSU_104513,AQL09,1,,10,AQL09,NONE,SP_AQL,T,F,F,F,I,1,0,,0,0,,0,,,,0
DPSU_104513,AQL10,1,,11,AQL10,NONE,SP_AQL,T,F,F,F,I,1,0,,0,0,,0,,,,0
DPSU_103069,AQL01,1,,1,AQL01,NONE,SP_AQL,T,F,F,F,I,1,0,,0,0,,0,,,,0
DPSU_103069,AQL02,1,,2,AQL02,NONE,SP_AQL,T,F,F,F,I,1,0,,0,0,,0,,,,0
DPSU_103069,AQL07,1,,3,AQL07,NONE,SP_AQL,T,F,F,F,I,1,0,,0,0,,0,,,,0
DPSU_103069,AQL11,1,,4,AQL11,NONE,SP_AQL,T,F,F,F,I,1,0,,0,0,,0,,,,0
DPSU_103069,AQL03,1,,5,AQL03,NONE,SP_AQL,T,F,F,F,I,1,0,,0,0,,0,,,,0
DPSU_103069,AQL04,1,,6,AQL04,NONE,SP_AQL,T,F,F,F,I,1,0,,0,0,,0,,,,0
DPSU_103069,AQL05,1,,7,AQL05,NONE,SP_AQL,T,F,F,F,I,1,0,,0,0,,0,,,,0
DPSU_103069,AQL06,1,,8,AQL06,NONE,SP_AQL,T,F,F,F,I,1,0,,0,0,,0,,,,0
DPSU_103069,AQL08,1,,9,AQL08,NONE,SP_AQL,T,F,F,F,I,1,0,,0,0,,0,,,,0
DPSU_103069,AQL09,1,,10,AQL09,NONE,SP_AQL,T,F,F,F,I,1,0,,0,0,,0,,,,0
