<?xml version="1.0" encoding="UTF-8" ?>
<LIMS xmlns:xsi="http://www.w3.org/2001/XMLSchema-instance" xsi:noNamespaceSchemaLocation='labware-lims.xsd'>
    <T_PH_ITEM_CODE>
        <NAME></NAME>
        <DESCRIPTION></DESCRIPTION>
        <GROUP_NAME></GROUP_NAME>
        <CHANGED_BY></CHANGED_BY>
        <CHANGED_ON></CHANGED_ON>
        <REMOVED></REMOVED>
        <DISPLAY_AS></DISPLAY_AS>
        <EXT_LINK></EXT_LINK>
        <EXPIRY_INTERVAL></EXPIRY_INTERVAL>
        <RETEST_INTERVAL></RETEST_INTERVAL>
        <ACTIVE></ACTIVE>
        <FULL_TEST_FREQ></FULL_TEST_FREQ>
        <LOTS_TO_GO></LOTS_TO_GO>
        <DATE_LAST_TESTED></DATE_LAST_TESTED>
        <SAMPLE_PLAN></SAMPLE_PLAN>
        <APPLY_PLAN_AT_LOGIN></APPLY_PLAN_AT_LOGIN>
        <APPLY_SAME_LOT_CHECK></APPLY_SAME_LOT_CHECK>
        <SITE></SITE>
        <FR_DISPLAY_AS></FR_DISPLAY_AS>
        <CS_DISPLAY_AS></CS_DISPLAY_AS>
        <DE_DISPLAY_AS></DE_DISPLAY_AS>
        <ES_DISPLAY_AS></ES_DISPLAY_AS>
        <IT_DISPLAY_AS></IT_DISPLAY_AS>
        <JA_DISPLAY_AS></JA_DISPLAY_AS>
        <PT_DISPLAY_AS></PT_DISPLAY_AS>
        <RU_DISPLAY_AS></RU_DISPLAY_AS>
        <TR_DISPLAY_AS></TR_DISPLAY_AS>
        <ZH_DISPLAY_AS></ZH_DISPLAY_AS>
        <ZH_DESCRIPTION></ZH_DESCRIPTION>
        <CS_DESCRIPTION></CS_DESCRIPTION>
        <FR_DESCRIPTION></FR_DESCRIPTION>
        <DE_DESCRIPTION></DE_DESCRIPTION>
        <IT_DESCRIPTION></IT_DESCRIPTION>
        <JA_DESCRIPTION></JA_DESCRIPTION>
        <PT_DESCRIPTION></PT_DESCRIPTION>
        <RU_DESCRIPTION></RU_DESCRIPTION>
        <ES_DESCRIPTION></ES_DESCRIPTION>
        <TR_DESCRIPTION></TR_DESCRIPTION>
        <AQL_STATUS></AQL_STATUS>
        <C_AQL_SCORE></C_AQL_SCORE>
        <C_DISPOSITION_LIST></C_DISPOSITION_LIST>
    </T_PH_ITEM_CODE>

    <T_PH_ITEM_CODE_SPEC>
        <SPEC_CODE></SPEC_CODE>
        <T_PH_ITEM_CODE></T_PH_ITEM_CODE>
        <PRODUCT_SPEC></PRODUCT_SPEC>
        <SPEC_CLASS></SPEC_CLASS>
        <ORDER_NUMBER></ORDER_NUMBER>
        <GRADE></GRADE>
        <COMMON_GRADE></COMMON_GRADE>
    </T_PH_ITEM_CODE_SPEC>

    <T_PH_ITEM_CODE_SUPP>
        <T_PH_ITEM_CODE></T_PH_ITEM_CODE>
        <SUPPLIER></SUPPLIER>
        <ACTIVE></ACTIVE>
        <STATUS1></STATUS1>
        <STATUS2></STATUS2>
        <ORDER_NUMBER></ORDER_NUMBER>
        <RETEST_INTERVAL></RETEST_INTERVAL>
        <EXPIRY_INTERVAL></EXPIRY_INTERVAL>
        <FULL_TEST_FREQ></FULL_TEST_FREQ>
        <LOTS_TO_GO></LOTS_TO_GO>
        <DATE_LAST_TESTED></DATE_LAST_TESTED>
        <AQL_STATUS></AQL_STATUS>
        <C_AQL_SCORE></C_AQL_SCORE>
        <C_PRODUCT_SPEC></C_PRODUCT_SPEC>
        <C_DATE_LAST_ACCEPTED></C_DATE_LAST_ACCEPTED>
        <C_PARTS_TESTED></C_PARTS_TESTED>
    </T_PH_ITEM_CODE_SUPP>
</LIMS>